00000000  55                push ebp
00000001  89E5              mov ebp,esp
00000003  53                push ebx
00000004  81EC84000000      sub esp,0x84
0000000A  E831180000        call 0x1840
0000000F  81C3E93B0000      add ebx,0x3be9
00000015  65A114000000      mov eax,[gs:0x14]
0000001B  8945F4            mov [ebp-0xc],eax
0000001E  31C0              xor eax,eax
00000020  E8A8050000        call 0x5cd
00000025  C6831C0000000C    mov byte [ebx+0x1c],0xc
0000002C  83EC0C            sub esp,byte +0xc
0000002F  8D831CE0FFFF      lea eax,[ebx-0x1fe4]
00000035  50                push eax
00000036  E8F7040000        call 0x532
0000003B  83C410            add esp,byte +0x10
0000003E  C6831C00000007    mov byte [ebx+0x1c],0x7
00000045  83EC08            sub esp,byte +0x8
00000048  688D270000        push dword 0x278d
0000004D  8D45D7            lea eax,[ebp-0x29]
00000050  50                push eax
00000051  E8CA050000        call 0x620
00000056  83C410            add esp,byte +0x10
00000059  83EC0C            sub esp,byte +0xc
0000005C  50                push eax
0000005D  E8D0040000        call 0x532
00000062  83C410            add esp,byte +0x10
00000065  E8A9060000        call 0x713
0000006A  83EC08            sub esp,byte +0x8
0000006D  50                push eax
0000006E  8D45D7            lea eax,[ebp-0x29]
00000071  50                push eax
00000072  E8A9050000        call 0x620
00000077  83C410            add esp,byte +0x10
0000007A  83EC0C            sub esp,byte +0xc
0000007D  50                push eax
0000007E  E8DD020000        call 0x360
00000083  83C410            add esp,byte +0x10
00000086  83EC0C            sub esp,byte +0xc
00000089  8D8333E0FFFF      lea eax,[ebx-0x1fcd]
0000008F  50                push eax
00000090  E89D040000        call 0x532
00000095  83C410            add esp,byte +0x10
00000098  C745A400000000    mov dword [ebp-0x5c],0x0
0000009F  EB23              jmp short 0xc4
000000A1  83EC0C            sub esp,byte +0xc
000000A4  8D8348E0FFFF      lea eax,[ebx-0x1fb8]
000000AA  50                push eax
000000AB  E8B0020000        call 0x360
000000B0  83C410            add esp,byte +0x10
000000B3  83EC0C            sub esp,byte +0xc
000000B6  6A01              push byte +0x1
000000B8  E814070000        call 0x7d1
000000BD  83C410            add esp,byte +0x10
000000C0  8345A401          add dword [ebp-0x5c],byte +0x1
000000C4  837DA44F          cmp dword [ebp-0x5c],byte +0x4f
000000C8  7ED7              jng 0xa1
000000CA  E8CC080000        call 0x99b
000000CF  E817090000        call 0x9eb
000000D4  83EC0C            sub esp,byte +0xc
000000D7  8D834AE0FFFF      lea eax,[ebx-0x1fb6]
000000DD  50                push eax
000000DE  E87D020000        call 0x360
000000E3  83C410            add esp,byte +0x10
000000E6  8B8320000000      mov eax,[ebx+0x20]
000000EC  8B4008            mov eax,[eax+0x8]
000000EF  83EC08            sub esp,byte +0x8
000000F2  50                push eax
000000F3  8D45D7            lea eax,[ebp-0x29]
000000F6  50                push eax
000000F7  E824050000        call 0x620
000000FC  83C410            add esp,byte +0x10
000000FF  83EC0C            sub esp,byte +0xc
00000102  50                push eax
00000103  E82A040000        call 0x532
00000108  83C410            add esp,byte +0x10
0000010B  83EC0C            sub esp,byte +0xc
0000010E  8D835FE0FFFF      lea eax,[ebx-0x1fa1]
00000114  50                push eax
00000115  E846020000        call 0x360
0000011A  83C410            add esp,byte +0x10
0000011D  8B8320000000      mov eax,[ebx+0x20]
00000123  8B400C            mov eax,[eax+0xc]
00000126  83EC08            sub esp,byte +0x8
00000129  50                push eax
0000012A  8D45D7            lea eax,[ebp-0x29]
0000012D  50                push eax
0000012E  E8ED040000        call 0x620
00000133  83C410            add esp,byte +0x10
00000136  83EC0C            sub esp,byte +0xc
00000139  50                push eax
0000013A  E8F3030000        call 0x532
0000013F  83C410            add esp,byte +0x10
00000142  83EC0C            sub esp,byte +0xc
00000145  8D8378E0FFFF      lea eax,[ebx-0x1f88]
0000014B  50                push eax
0000014C  E80F020000        call 0x360
00000151  83C410            add esp,byte +0x10
00000154  8B8324000000      mov eax,[ebx+0x24]
0000015A  0FB6400A          movzx eax,byte [eax+0xa]
0000015E  0FB6C0            movzx eax,al
00000161  83EC08            sub esp,byte +0x8
00000164  50                push eax
00000165  8D45D7            lea eax,[ebp-0x29]
00000168  50                push eax
00000169  E8B2040000        call 0x620
0000016E  83C410            add esp,byte +0x10
00000171  83EC0C            sub esp,byte +0xc
00000174  50                push eax
00000175  E8B8030000        call 0x532
0000017A  83C410            add esp,byte +0x10
0000017D  66C745C70000      mov word [ebp-0x39],0x0
00000183  C745CD4D53444F    mov dword [ebp-0x33],0x4f44534d
0000018A  C745D1532E5359    mov dword [ebp-0x2f],0x59532e53
00000191  66C745D55300      mov word [ebp-0x2b],0x53
00000197  8D9578FFFFFF      lea edx,[ebp-0x88]
0000019D  83EC08            sub esp,byte +0x8
000001A0  8D45CD            lea eax,[ebp-0x33]
000001A3  50                push eax
000001A4  83EC20            sub esp,byte +0x20
000001A7  89E0              mov eax,esp
000001A9  8B4DAD            mov ecx,[ebp-0x53]
000001AC  8908              mov [eax],ecx
000001AE  8B4DB1            mov ecx,[ebp-0x4f]
000001B1  894804            mov [eax+0x4],ecx
000001B4  8B4DB5            mov ecx,[ebp-0x4b]
000001B7  894808            mov [eax+0x8],ecx
000001BA  8B4DB9            mov ecx,[ebp-0x47]
000001BD  89480C            mov [eax+0xc],ecx
000001C0  8B4DBD            mov ecx,[ebp-0x43]
000001C3  894810            mov [eax+0x10],ecx
000001C6  8B4DC1            mov ecx,[ebp-0x3f]
000001C9  894814            mov [eax+0x14],ecx
000001CC  8B4DC5            mov ecx,[ebp-0x3b]
000001CF  894818            mov [eax+0x18],ecx
000001D2  8B4DC9            mov ecx,[ebp-0x37]
000001D5  89481C            mov [eax+0x1c],ecx
000001D8  52                push edx
000001D9  E8F50F0000        call 0x11d3
000001DE  83C42C            add esp,byte +0x2c
000001E1  8B8578FFFFFF      mov eax,[ebp-0x88]
000001E7  8945AD            mov [ebp-0x53],eax
000001EA  8B857CFFFFFF      mov eax,[ebp-0x84]
000001F0  8945B1            mov [ebp-0x4f],eax
000001F3  8B4580            mov eax,[ebp-0x80]
000001F6  8945B5            mov [ebp-0x4b],eax
000001F9  8B4584            mov eax,[ebp-0x7c]
000001FC  8945B9            mov [ebp-0x47],eax
000001FF  8B4588            mov eax,[ebp-0x78]
00000202  8945BD            mov [ebp-0x43],eax
00000205  8B458C            mov eax,[ebp-0x74]
00000208  8945C1            mov [ebp-0x3f],eax
0000020B  8B4590            mov eax,[ebp-0x70]
0000020E  8945C5            mov [ebp-0x3b],eax
00000211  8B4594            mov eax,[ebp-0x6c]
00000214  8945C9            mov [ebp-0x37],eax
00000217  0FB745C7          movzx eax,word [ebp-0x39]
0000021B  0FB7C0            movzx eax,ax
0000021E  8945A8            mov [ebp-0x58],eax
00000221  8B45A8            mov eax,[ebp-0x58]
00000224  83EC08            sub esp,byte +0x8
00000227  50                push eax
00000228  8D45D7            lea eax,[ebp-0x29]
0000022B  50                push eax
0000022C  E8EF030000        call 0x620
00000231  83C410            add esp,byte +0x10
00000234  83EC0C            sub esp,byte +0xc
00000237  50                push eax
00000238  E8F5020000        call 0x532
0000023D  83C410            add esp,byte +0x10
00000240  C745E22F544553    mov dword [ebp-0x1e],0x5345542f
00000247  C745E6542F3030    mov dword [ebp-0x1a],0x30302f54
0000024E  C745EA312F4547    mov dword [ebp-0x16],0x47452f31
00000255  C745EE412E4350    mov dword [ebp-0x12],0x50432e41
0000025C  66C745F24900      mov word [ebp-0xe],0x49
00000262  8D8578FFFFFF      lea eax,[ebp-0x88]
00000268  83EC08            sub esp,byte +0x8
0000026B  8D55E2            lea edx,[ebp-0x1e]
0000026E  52                push edx
0000026F  50                push eax
00000270  E849140000        call 0x16be
00000275  83C40C            add esp,byte +0xc
00000278  8B8578FFFFFF      mov eax,[ebp-0x88]
0000027E  8945AD            mov [ebp-0x53],eax
00000281  8B857CFFFFFF      mov eax,[ebp-0x84]
00000287  8945B1            mov [ebp-0x4f],eax
0000028A  8B4580            mov eax,[ebp-0x80]
0000028D  8945B5            mov [ebp-0x4b],eax
00000290  8B4584            mov eax,[ebp-0x7c]
00000293  8945B9            mov [ebp-0x47],eax
00000296  8B4588            mov eax,[ebp-0x78]
00000299  8945BD            mov [ebp-0x43],eax
0000029C  8B458C            mov eax,[ebp-0x74]
0000029F  8945C1            mov [ebp-0x3f],eax
000002A2  8B4590            mov eax,[ebp-0x70]
000002A5  8945C5            mov [ebp-0x3b],eax
000002A8  8B4594            mov eax,[ebp-0x6c]
000002AB  8945C9            mov [ebp-0x37],eax
000002AE  83EC08            sub esp,byte +0x8
000002B1  8D45AD            lea eax,[ebp-0x53]
000002B4  50                push eax
000002B5  8D45CD            lea eax,[ebp-0x33]
000002B8  50                push eax
000002B9  E849120000        call 0x1507
000002BE  83C410            add esp,byte +0x10
000002C1  83EC0C            sub esp,byte +0xc
000002C4  50                push eax
000002C5  E868020000        call 0x532
000002CA  83C410            add esp,byte +0x10
000002CD  83EC0C            sub esp,byte +0xc
000002D0  6A00              push byte +0x0
000002D2  E8CB090000        call 0xca2
000002D7  83C410            add esp,byte +0x10
000002DA  83EC0C            sub esp,byte +0xc
000002DD  6A02              push byte +0x2
000002DF  E8BE090000        call 0xca2
000002E4  83C410            add esp,byte +0x10
000002E7  83EC0C            sub esp,byte +0xc
000002EA  6A05              push byte +0x5
000002EC  E8B1090000        call 0xca2
000002F1  83C410            add esp,byte +0x10
000002F4  83EC0C            sub esp,byte +0xc
000002F7  6A64              push byte +0x64
000002F9  E81C0A0000        call 0xd1a
000002FE  83C410            add esp,byte +0x10
00000301  83EC08            sub esp,byte +0x8
00000304  50                push eax
00000305  8D45D7            lea eax,[ebp-0x29]
00000308  50                push eax
00000309  E812030000        call 0x620
0000030E  83C410            add esp,byte +0x10
00000311  83EC0C            sub esp,byte +0xc
00000314  50                push eax
00000315  E818020000        call 0x532
0000031A  83C410            add esp,byte +0x10
0000031D  83EC0C            sub esp,byte +0xc
00000320  6810270000        push dword 0x2710
00000325  E8F0090000        call 0xd1a
0000032A  83C410            add esp,byte +0x10
0000032D  83EC08            sub esp,byte +0x8
00000330  50                push eax
00000331  8D45D7            lea eax,[ebp-0x29]
00000334  50                push eax
00000335  E8E6020000        call 0x620
0000033A  83C410            add esp,byte +0x10
0000033D  83EC0C            sub esp,byte +0xc
00000340  50                push eax
00000341  E8EC010000        call 0x532
00000346  83C410            add esp,byte +0x10
00000349  90                nop
0000034A  8B45F4            mov eax,[ebp-0xc]
0000034D  652B0514000000    sub eax,[dword gs:0x14]
00000354  7405              jz 0x35b
00000356  E8A8030000        call 0x703
0000035B  8B5DFC            mov ebx,[ebp-0x4]
0000035E  C9                leave
0000035F  C3                ret
00000360  55                push ebp
00000361  89E5              mov ebp,esp
00000363  56                push esi
00000364  53                push ebx
00000365  83EC20            sub esp,byte +0x20
00000368  E8CB140000        call 0x1838
0000036D  058B380000        add eax,0x388b
00000372  C745E400000000    mov dword [ebp-0x1c],0x0
00000379  8B8834000000      mov ecx,[eax+0x34]
0000037F  89CA              mov edx,ecx
00000381  C1E202            shl edx,byte 0x2
00000384  01CA              add edx,ecx
00000386  C1E204            shl edx,byte 0x4
00000389  89D1              mov ecx,edx
0000038B  8B9030000000      mov edx,[eax+0x30]
00000391  01CA              add edx,ecx
00000393  01D2              add edx,edx
00000395  8955E8            mov [ebp-0x18],edx
00000398  E961010000        jmp 0x4fe
0000039D  8B4DE4            mov ecx,[ebp-0x1c]
000003A0  8B5508            mov edx,[ebp+0x8]
000003A3  01CA              add edx,ecx
000003A5  0FB612            movzx edx,byte [edx]
000003A8  80FA0A            cmp dl,0xa
000003AB  7450              jz 0x3fd
000003AD  8B4DE4            mov ecx,[ebp-0x1c]
000003B0  8B5508            mov edx,[ebp+0x8]
000003B3  01CA              add edx,ecx
000003B5  8B980C000000      mov ebx,[eax+0xc]
000003BB  8B4DE4            mov ecx,[ebp-0x1c]
000003BE  8D3409            lea esi,[ecx+ecx]
000003C1  8B4DE8            mov ecx,[ebp-0x18]
000003C4  01F1              add ecx,esi
000003C6  01D9              add ecx,ebx
000003C8  0FB612            movzx edx,byte [edx]
000003CB  8811              mov [ecx],dl
000003CD  0FB6881C000000    movzx ecx,byte [eax+0x1c]
000003D4  8B980C000000      mov ebx,[eax+0xc]
000003DA  8B55E4            mov edx,[ebp-0x1c]
000003DD  8D3412            lea esi,[edx+edx]
000003E0  8B55E8            mov edx,[ebp-0x18]
000003E3  01F2              add edx,esi
000003E5  83C201            add edx,byte +0x1
000003E8  01DA              add edx,ebx
000003EA  880A              mov [edx],cl
000003EC  8B9030000000      mov edx,[eax+0x30]
000003F2  83C201            add edx,byte +0x1
000003F5  899030000000      mov [eax+0x30],edx
000003FB  EB44              jmp short 0x441
000003FD  C780300000000000  mov dword [eax+0x30],0x0
         -0000
00000407  8B9034000000      mov edx,[eax+0x34]
0000040D  83C201            add edx,byte +0x1
00000410  899034000000      mov [eax+0x34],edx
00000416  8B8834000000      mov ecx,[eax+0x34]
0000041C  89CA              mov edx,ecx
0000041E  C1E202            shl edx,byte 0x2
00000421  01CA              add edx,ecx
00000423  C1E204            shl edx,byte 0x4
00000426  89D1              mov ecx,edx
00000428  8B9030000000      mov edx,[eax+0x30]
0000042E  01CA              add edx,ecx
00000430  8D0C12            lea ecx,[edx+edx]
00000433  8B55E4            mov edx,[ebp-0x1c]
00000436  01D2              add edx,edx
00000438  89D3              mov ebx,edx
0000043A  29D9              sub ecx,ebx
0000043C  89CA              mov edx,ecx
0000043E  8955E8            mov [ebp-0x18],edx
00000441  8345E401          add dword [ebp-0x1c],byte +0x1
00000445  8B9030000000      mov edx,[eax+0x30]
0000044B  83FA50            cmp edx,byte +0x50
0000044E  7519              jnz 0x469
00000450  C780300000000000  mov dword [eax+0x30],0x0
         -0000
0000045A  8B9034000000      mov edx,[eax+0x34]
00000460  83C201            add edx,byte +0x1
00000463  899034000000      mov [eax+0x34],edx
00000469  8B9034000000      mov edx,[eax+0x34]
0000046F  83FA19            cmp edx,byte +0x19
00000472  0F8586000000      jnz near 0x4fe
00000478  C780340000001800  mov dword [eax+0x34],0x18
         -0000
00000482  8B900C000000      mov edx,[eax+0xc]
00000488  8955F4            mov [ebp-0xc],edx
0000048B  C745EC00000000    mov dword [ebp-0x14],0x0
00000492  EB29              jmp short 0x4bd
00000494  8B55EC            mov edx,[ebp-0x14]
00000497  83C228            add edx,byte +0x28
0000049A  8D0C9500000000    lea ecx,[edx*4+0x0]
000004A1  8B55F4            mov edx,[ebp-0xc]
000004A4  01CA              add edx,ecx
000004A6  8B4DEC            mov ecx,[ebp-0x14]
000004A9  8D1C8D00000000    lea ebx,[ecx*4+0x0]
000004B0  8B4DF4            mov ecx,[ebp-0xc]
000004B3  01D9              add ecx,ebx
000004B5  8B12              mov edx,[edx]
000004B7  8911              mov [ecx],edx
000004B9  8345EC01          add dword [ebp-0x14],byte +0x1
000004BD  817DECBF030000    cmp dword [ebp-0x14],0x3bf
000004C4  7ECE              jng 0x494
000004C6  C745F0C0030000    mov dword [ebp-0x10],0x3c0
000004CD  EB19              jmp short 0x4e8
000004CF  8B55F0            mov edx,[ebp-0x10]
000004D2  8D0C9500000000    lea ecx,[edx*4+0x0]
000004D9  8B55F4            mov edx,[ebp-0xc]
000004DC  01CA              add edx,ecx
000004DE  C70200070007      mov dword [edx],0x7000700
000004E4  8345F001          add dword [ebp-0x10],byte +0x1
000004E8  817DF0E7030000    cmp dword [ebp-0x10],0x3e7
000004EF  7EDE              jng 0x4cf
000004F1  BA80070000        mov edx,0x780
000004F6  2B55E4            sub edx,[ebp-0x1c]
000004F9  01D2              add edx,edx
000004FB  8955E8            mov [ebp-0x18],edx
000004FE  8B4DE4            mov ecx,[ebp-0x1c]
00000501  8B5508            mov edx,[ebp+0x8]
00000504  01CA              add edx,ecx
00000506  0FB612            movzx edx,byte [edx]
00000509  84D2              test dl,dl
0000050B  0F858CFEFFFF      jnz near 0x39d
00000511  8B9034000000      mov edx,[eax+0x34]
00000517  8B8030000000      mov eax,[eax+0x30]
0000051D  83EC08            sub esp,byte +0x8
00000520  52                push edx
00000521  50                push eax
00000522  E843000000        call 0x56a
00000527  83C410            add esp,byte +0x10
0000052A  90                nop
0000052B  8D65F8            lea esp,[ebp-0x8]
0000052E  5B                pop ebx
0000052F  5E                pop esi
00000530  5D                pop ebp
00000531  C3                ret
00000532  55                push ebp
00000533  89E5              mov ebp,esp
00000535  53                push ebx
00000536  83EC04            sub esp,byte +0x4
00000539  E802130000        call 0x1840
0000053E  81C3BA360000      add ebx,0x36ba
00000544  83EC0C            sub esp,byte +0xc
00000547  FF7508            push dword [ebp+0x8]
0000054A  E811FEFFFF        call 0x360
0000054F  83C410            add esp,byte +0x10
00000552  83EC0C            sub esp,byte +0xc
00000555  8D8397E0FFFF      lea eax,[ebx-0x1f69]
0000055B  50                push eax
0000055C  E8FFFDFFFF        call 0x360
00000561  83C410            add esp,byte +0x10
00000564  90                nop
00000565  8B5DFC            mov ebx,[ebp-0x4]
00000568  C9                leave
00000569  C3                ret
0000056A  55                push ebp
0000056B  89E5              mov ebp,esp
0000056D  83EC10            sub esp,byte +0x10
00000570  E8C7120000        call 0x183c
00000575  81C283360000      add edx,0x3683
0000057B  8B4D0C            mov ecx,[ebp+0xc]
0000057E  89C8              mov eax,ecx
00000580  C1E002            shl eax,byte 0x2
00000583  01C8              add eax,ecx
00000585  C1E004            shl eax,byte 0x4
00000588  89C1              mov ecx,eax
0000058A  8B4508            mov eax,[ebp+0x8]
0000058D  01C8              add eax,ecx
0000058F  8945FC            mov [ebp-0x4],eax
00000592  8B4508            mov eax,[ebp+0x8]
00000595  898230000000      mov [edx+0x30],eax
0000059B  8B450C            mov eax,[ebp+0xc]
0000059E  898234000000      mov [edx+0x34],eax
000005A4  8B55FC            mov edx,[ebp-0x4]
000005A7  89D0              mov eax,edx
000005A9  89C1              mov ecx,eax
000005AB  66BAD403          mov dx,0x3d4
000005AF  B00F              mov al,0xf
000005B1  EE                out dx,al
000005B2  89C8              mov eax,ecx
000005B4  66BAD503          mov dx,0x3d5
000005B8  EE                out dx,al
000005B9  66BAD403          mov dx,0x3d4
000005BD  B00E              mov al,0xe
000005BF  EE                out dx,al
000005C0  89C8              mov eax,ecx
000005C2  C1E808            shr eax,byte 0x8
000005C5  66BAD503          mov dx,0x3d5
000005C9  EE                out dx,al
000005CA  90                nop
000005CB  C9                leave
000005CC  C3                ret
000005CD  55                push ebp
000005CE  89E5              mov ebp,esp
000005D0  83EC10            sub esp,byte +0x10
000005D3  E860120000        call 0x1838
000005D8  0520360000        add eax,0x3620
000005DD  8B800C000000      mov eax,[eax+0xc]
000005E3  8945FC            mov [ebp-0x4],eax
000005E6  C745F800000000    mov dword [ebp-0x8],0x0
000005ED  EB19              jmp short 0x608
000005EF  8B45F8            mov eax,[ebp-0x8]
000005F2  8D148500000000    lea edx,[eax*4+0x0]
000005F9  8B45FC            mov eax,[ebp-0x4]
000005FC  01D0              add eax,edx
000005FE  C70000070007      mov dword [eax],0x7000700
00000604  8345F801          add dword [ebp-0x8],byte +0x1
00000608  817DF8E7030000    cmp dword [ebp-0x8],0x3e7
0000060F  7EDE              jng 0x5ef
00000611  6A00              push byte +0x0
00000613  6A00              push byte +0x0
00000615  E850FFFFFF        call 0x56a
0000061A  83C408            add esp,byte +0x8
0000061D  90                nop
0000061E  C9                leave
0000061F  C3                ret
00000620  55                push ebp
00000621  89E5              mov ebp,esp
00000623  83EC38            sub esp,byte +0x38
00000626  E80D120000        call 0x1838
0000062B  05CD350000        add eax,0x35cd
00000630  8B4508            mov eax,[ebp+0x8]
00000633  8945D4            mov [ebp-0x2c],eax
00000636  65A114000000      mov eax,[gs:0x14]
0000063C  8945F4            mov [ebp-0xc],eax
0000063F  31C0              xor eax,eax
00000641  8B45D4            mov eax,[ebp-0x2c]
00000644  83C00A            add eax,byte +0xa
00000647  C60000            mov byte [eax],0x0
0000064A  C745E009000000    mov dword [ebp-0x20],0x9
00000651  C745E930313233    mov dword [ebp-0x17],0x33323130
00000658  C745ED34353637    mov dword [ebp-0x13],0x37363534
0000065F  66C745F13839      mov word [ebp-0xf],0x3938
00000665  C645F300          mov byte [ebp-0xd],0x0
00000669  8B4D0C            mov ecx,[ebp+0xc]
0000066C  BACDCCCCCC        mov edx,0xcccccccd
00000671  89C8              mov eax,ecx
00000673  F7E2              mul edx
00000675  C1EA03            shr edx,byte 0x3
00000678  89D0              mov eax,edx
0000067A  C1E002            shl eax,byte 0x2
0000067D  01D0              add eax,edx
0000067F  01C0              add eax,eax
00000681  29C1              sub ecx,eax
00000683  89CA              mov edx,ecx
00000685  8B4DE0            mov ecx,[ebp-0x20]
00000688  8B45D4            mov eax,[ebp-0x2c]
0000068B  01C1              add ecx,eax
0000068D  0FB64415E9        movzx eax,byte [ebp+edx-0x17]
00000692  8801              mov [ecx],al
00000694  8B450C            mov eax,[ebp+0xc]
00000697  BACDCCCCCC        mov edx,0xcccccccd
0000069C  F7E2              mul edx
0000069E  89D0              mov eax,edx
000006A0  C1E803            shr eax,byte 0x3
000006A3  89450C            mov [ebp+0xc],eax
000006A6  836DE001          sub dword [ebp-0x20],byte +0x1
000006AA  837D0C00          cmp dword [ebp+0xc],byte +0x0
000006AE  75B9              jnz 0x669
000006B0  837DE000          cmp dword [ebp-0x20],byte +0x0
000006B4  7837              js 0x6ed
000006B6  C745E400000000    mov dword [ebp-0x1c],0x0
000006BD  EB21              jmp short 0x6e0
000006BF  8B55E0            mov edx,[ebp-0x20]
000006C2  8B45E4            mov eax,[ebp-0x1c]
000006C5  01D0              add eax,edx
000006C7  8D5001            lea edx,[eax+0x1]
000006CA  8B45D4            mov eax,[ebp-0x2c]
000006CD  01D0              add eax,edx
000006CF  8B4DE4            mov ecx,[ebp-0x1c]
000006D2  8B55D4            mov edx,[ebp-0x2c]
000006D5  01CA              add edx,ecx
000006D7  0FB600            movzx eax,byte [eax]
000006DA  8802              mov [edx],al
000006DC  8345E401          add dword [ebp-0x1c],byte +0x1
000006E0  B80A000000        mov eax,0xa
000006E5  2B45E0            sub eax,[ebp-0x20]
000006E8  3945E4            cmp [ebp-0x1c],eax
000006EB  7CD2              jl 0x6bf
000006ED  8B45D4            mov eax,[ebp-0x2c]
000006F0  8B55F4            mov edx,[ebp-0xc]
000006F3  652B1514000000    sub edx,[dword gs:0x14]
000006FA  7405              jz 0x701
000006FC  E802000000        call 0x703
00000701  C9                leave
00000702  C3                ret
00000703  55                push ebp
00000704  89E5              mov ebp,esp
00000706  E82D110000        call 0x1838
0000070B  05ED340000        add eax,0x34ed
00000710  90                nop
00000711  5D                pop ebp
00000712  C3                ret
00000713  55                push ebp
00000714  89E5              mov ebp,esp
00000716  83EC20            sub esp,byte +0x20
00000719  E81A110000        call 0x1838
0000071E  05DA340000        add eax,0x34da
00000723  C745EC01000000    mov dword [ebp-0x14],0x1
0000072A  C745F000000F00    mov dword [ebp-0x10],0xf0000
00000731  C745FC00000100    mov dword [ebp-0x4],0x10000
00000738  C745F40A000000    mov dword [ebp-0xc],0xa
0000073F  8B882C000000      mov ecx,[eax+0x2c]
00000745  8B55F0            mov edx,[ebp-0x10]
00000748  01CA              add edx,ecx
0000074A  C6021E            mov byte [edx],0x1e
0000074D  EB4F              jmp short 0x79e
0000074F  C745F400000000    mov dword [ebp-0xc],0x0
00000756  C745F800000000    mov dword [ebp-0x8],0x0
0000075D  EB2F              jmp short 0x78e
0000075F  8B55FC            mov edx,[ebp-0x4]
00000762  0155F0            add [ebp-0x10],edx
00000765  8B882C000000      mov ecx,[eax+0x2c]
0000076B  8B55F0            mov edx,[ebp-0x10]
0000076E  01CA              add edx,ecx
00000770  C6021E            mov byte [edx],0x1e
00000773  8B882C000000      mov ecx,[eax+0x2c]
00000779  8B55F0            mov edx,[ebp-0x10]
0000077C  01CA              add edx,ecx
0000077E  0FB612            movzx edx,byte [edx]
00000781  80FA1E            cmp dl,0x1e
00000784  7504              jnz 0x78a
00000786  8345F401          add dword [ebp-0xc],byte +0x1
0000078A  8345F801          add dword [ebp-0x8],byte +0x1
0000078E  837DF80F          cmp dword [ebp-0x8],byte +0xf
00000792  7ECB              jng 0x75f
00000794  837DF405          cmp dword [ebp-0xc],byte +0x5
00000798  7604              jna 0x79e
0000079A  8345EC01          add dword [ebp-0x14],byte +0x1
0000079E  837DF405          cmp dword [ebp-0xc],byte +0x5
000007A2  77AB              ja 0x74f
000007A4  8B55EC            mov edx,[ebp-0x14]
000007A7  899028000000      mov [eax+0x28],edx
000007AD  8B45EC            mov eax,[ebp-0x14]
000007B0  C9                leave
000007B1  C3                ret
000007B2  55                push ebp
000007B3  89E5              mov ebp,esp
000007B5  E87E100000        call 0x1838
000007BA  053E340000        add eax,0x343e
000007BF  8B9038000000      mov edx,[eax+0x38]
000007C5  83C201            add edx,byte +0x1
000007C8  899038000000      mov [eax+0x38],edx
000007CE  90                nop
000007CF  5D                pop ebp
000007D0  C3                ret
000007D1  55                push ebp
000007D2  89E5              mov ebp,esp
000007D4  83EC10            sub esp,byte +0x10
000007D7  E85C100000        call 0x1838
000007DC  051C340000        add eax,0x341c
000007E1  8B8838000000      mov ecx,[eax+0x38]
000007E7  8B5508            mov edx,[ebp+0x8]
000007EA  01CA              add edx,ecx
000007EC  8955FC            mov [ebp-0x4],edx
000007EF  90                nop
000007F0  8B8838000000      mov ecx,[eax+0x38]
000007F6  8B55FC            mov edx,[ebp-0x4]
000007F9  39D1              cmp ecx,edx
000007FB  72F3              jc 0x7f0
000007FD  90                nop
000007FE  90                nop
000007FF  C9                leave
00000800  C3                ret
00000801  55                push ebp
00000802  89E5              mov ebp,esp
00000804  83EC10            sub esp,byte +0x10
00000807  E82C100000        call 0x1838
0000080C  05EC330000        add eax,0x33ec
00000811  C745FC00000000    mov dword [ebp-0x4],0x0
00000818  60                pusha
00000819  BB04000000        mov ebx,0x4
0000081E  B8E0000000        mov eax,0xe0
00000823  BAF6010000        mov edx,0x1f6
00000828  EE                out dx,al
00000829  BAF7010000        mov edx,0x1f7
0000082E  B9FFFF0000        mov ecx,0xffff
00000833  E2FE              loop 0x833
00000835  664B              dec bx
00000837  740E              jz 0x847
00000839  EC                in al,dx
0000083A  A888              test al,0x88
0000083C  75F0              jnz 0x82e
0000083E  A840              test al,0x40
00000840  74EC              jz 0x82e
00000842  B801000000        mov eax,0x1
00000847  61                popa
00000848  8945FC            mov [ebp-0x4],eax
0000084B  8B45FC            mov eax,[ebp-0x4]
0000084E  C9                leave
0000084F  C3                ret
00000850  55                push ebp
00000851  89E5              mov ebp,esp
00000853  83EC10            sub esp,byte +0x10
00000856  E8DD0F0000        call 0x1838
0000085B  059D330000        add eax,0x339d
00000860  C745FC00000000    mov dword [ebp-0x4],0x0
00000867  60                pusha
00000868  BAF6030000        mov edx,0x3f6
0000086D  B802000000        mov eax,0x2
00000872  EE                out dx,al
00000873  E889FFFFFF        call 0x801
00000878  85C0              test eax,eax
0000087A  0F8480000000      jz near 0x900
00000880  8B4D08            mov ecx,[ebp+0x8]
00000883  51                push ecx
00000884  C1E918            shr ecx,byte 0x18
00000887  80C9E0            or cl,0xe0
0000088A  BAF6010000        mov edx,0x1f6
0000088F  88C8              mov al,cl
00000891  EE                out dx,al
00000892  58                pop eax
00000893  BAF3010000        mov edx,0x1f3
00000898  EE                out dx,al
00000899  C1E808            shr eax,byte 0x8
0000089C  BAF4010000        mov edx,0x1f4
000008A1  EE                out dx,al
000008A2  C1E808            shr eax,byte 0x8
000008A5  BAF5010000        mov edx,0x1f5
000008AA  EE                out dx,al
000008AB  8B450C            mov eax,[ebp+0xc]
000008AE  BAF2010000        mov edx,0x1f2
000008B3  EE                out dx,al
000008B4  B0C4              mov al,0xc4
000008B6  BAF7010000        mov edx,0x1f7
000008BB  EE                out dx,al
000008BC  BAF6030000        mov edx,0x3f6
000008C1  EC                in al,dx
000008C2  A880              test al,0x80
000008C4  75FB              jnz 0x8c1
000008C6  BAF7010000        mov edx,0x1f7
000008CB  EC                in al,dx
000008CC  A808              test al,0x8
000008CE  74FB              jz 0x8cb
000008D0  06                push es
000008D1  B810000000        mov eax,0x10
000008D6  8EC0              mov es,eax
000008D8  8B7D10            mov edi,[ebp+0x10]
000008DB  FC                cld
000008DC  8B450C            mov eax,[ebp+0xc]
000008DF  C1E008            shl eax,byte 0x8
000008E2  89C1              mov ecx,eax
000008E4  BAF0010000        mov edx,0x1f0
000008E9  66F36D            rep insw
000008EC  BAF6030000        mov edx,0x3f6
000008F1  B800000000        mov eax,0x0
000008F6  EE                out dx,al
000008F7  07                pop es
000008F8  61                popa
000008F9  C745FC01000000    mov dword [ebp-0x4],0x1
00000900  8B45FC            mov eax,[ebp-0x4]
00000903  C9                leave
00000904  C3                ret
00000905  55                push ebp
00000906  89E5              mov ebp,esp
00000908  56                push esi
00000909  53                push ebx
0000090A  83EC10            sub esp,byte +0x10
0000090D  E8260F0000        call 0x1838
00000912  05E6320000        add eax,0x32e6
00000917  C745F400000000    mov dword [ebp-0xc],0x0
0000091E  EB29              jmp short 0x949
00000920  8B902C000000      mov edx,[eax+0x2c]
00000926  8B5D08            mov ebx,[ebp+0x8]
00000929  8B4DF4            mov ecx,[ebp-0xc]
0000092C  01D9              add ecx,ebx
0000092E  01CA              add edx,ecx
00000930  8B882C000000      mov ecx,[eax+0x2c]
00000936  8B750C            mov esi,[ebp+0xc]
00000939  8B5DF4            mov ebx,[ebp-0xc]
0000093C  01F3              add ebx,esi
0000093E  01D9              add ecx,ebx
00000940  0FB612            movzx edx,byte [edx]
00000943  8811              mov [ecx],dl
00000945  8345F401          add dword [ebp-0xc],byte +0x1
00000949  8B55F4            mov edx,[ebp-0xc]
0000094C  3B5510            cmp edx,[ebp+0x10]
0000094F  72CF              jc 0x920
00000951  90                nop
00000952  90                nop
00000953  83C410            add esp,byte +0x10
00000956  5B                pop ebx
00000957  5E                pop esi
00000958  5D                pop ebp
00000959  C3                ret
0000095A  55                push ebp
0000095B  89E5              mov ebp,esp
0000095D  53                push ebx
0000095E  83EC10            sub esp,byte +0x10
00000961  E8D60E0000        call 0x183c
00000966  81C292320000      add edx,0x3292
0000096C  C745F800000000    mov dword [ebp-0x8],0x0
00000973  EB17              jmp short 0x98c
00000975  8B822C000000      mov eax,[edx+0x2c]
0000097B  8B5D08            mov ebx,[ebp+0x8]
0000097E  8B4DF8            mov ecx,[ebp-0x8]
00000981  01D9              add ecx,ebx
00000983  01C8              add eax,ecx
00000985  C60000            mov byte [eax],0x0
00000988  8345F801          add dword [ebp-0x8],byte +0x1
0000098C  8B45F8            mov eax,[ebp-0x8]
0000098F  3B450C            cmp eax,[ebp+0xc]
00000992  72E1              jc 0x975
00000994  90                nop
00000995  90                nop
00000996  8B5DFC            mov ebx,[ebp-0x4]
00000999  C9                leave
0000099A  C3                ret
0000099B  55                push ebp
0000099C  89E5              mov ebp,esp
0000099E  E8950E0000        call 0x1838
000009A3  0555320000        add eax,0x3255
000009A8  B800002000        mov eax,0x200000
000009AD  50                push eax
000009AE  6A01              push byte +0x1
000009B0  6A00              push byte +0x0
000009B2  E899FEFFFF        call 0x850
000009B7  83C40C            add esp,byte +0xc
000009BA  B800001000        mov eax,0x100000
000009BF  6800010000        push dword 0x100
000009C4  50                push eax
000009C5  E890FFFFFF        call 0x95a
000009CA  83C408            add esp,byte +0x8
000009CD  BA00001000        mov edx,0x100000
000009D2  B800002000        mov eax,0x200000
000009D7  05BE010000        add eax,0x1be
000009DC  6A40              push byte +0x40
000009DE  52                push edx
000009DF  50                push eax
000009E0  E820FFFFFF        call 0x905
000009E5  83C40C            add esp,byte +0xc
000009E8  90                nop
000009E9  C9                leave
000009EA  C3                ret
000009EB  55                push ebp
000009EC  89E5              mov ebp,esp
000009EE  53                push ebx
000009EF  83EC10            sub esp,byte +0x10
000009F2  E8490E0000        call 0x1840
000009F7  81C301320000      add ebx,0x3201
000009FD  B800011000        mov eax,0x100100
00000A02  6800040000        push dword 0x400
00000A07  50                push eax
00000A08  E84DFFFFFF        call 0x95a
00000A0D  83C408            add esp,byte +0x8
00000A10  C745F400000000    mov dword [ebp-0xc],0x0
00000A17  EB54              jmp short 0xa6d
00000A19  8B9320000000      mov edx,[ebx+0x20]
00000A1F  8B45F4            mov eax,[ebp-0xc]
00000A22  C1E004            shl eax,byte 0x4
00000A25  01D0              add eax,edx
00000A27  8B4008            mov eax,[eax+0x8]
00000A2A  8945F8            mov [ebp-0x8],eax
00000A2D  837DF800          cmp dword [ebp-0x8],byte +0x0
00000A31  7436              jz 0xa69
00000A33  B800002000        mov eax,0x200000
00000A38  50                push eax
00000A39  6A01              push byte +0x1
00000A3B  FF75F8            push dword [ebp-0x8]
00000A3E  E80DFEFFFF        call 0x850
00000A43  83C40C            add esp,byte +0xc
00000A46  8B45F4            mov eax,[ebp-0xc]
00000A49  C1E006            shl eax,byte 0x6
00000A4C  89C2              mov edx,eax
00000A4E  B800011000        mov eax,0x100100
00000A53  01C2              add edx,eax
00000A55  B800002000        mov eax,0x200000
00000A5A  83C003            add eax,byte +0x3
00000A5D  6A3B              push byte +0x3b
00000A5F  52                push edx
00000A60  50                push eax
00000A61  E89FFEFFFF        call 0x905
00000A66  83C40C            add esp,byte +0xc
00000A69  8345F401          add dword [ebp-0xc],byte +0x1
00000A6D  837DF40F          cmp dword [ebp-0xc],byte +0xf
00000A71  7EA6              jng 0xa19
00000A73  90                nop
00000A74  90                nop
00000A75  8B5DFC            mov ebx,[ebp-0x4]
00000A78  C9                leave
00000A79  C3                ret
00000A7A  55                push ebp
00000A7B  89E5              mov ebp,esp
00000A7D  53                push ebx
00000A7E  83EC10            sub esp,byte +0x10
00000A81  E8B20D0000        call 0x1838
00000A86  0572310000        add eax,0x3172
00000A8B  C745F000000000    mov dword [ebp-0x10],0x0
00000A92  8B8824000000      mov ecx,[eax+0x24]
00000A98  8B5508            mov edx,[ebp+0x8]
00000A9B  C1E206            shl edx,byte 0x6
00000A9E  01CA              add edx,ecx
00000AA0  8B5219            mov edx,[edx+0x19]
00000AA3  8955F4            mov [ebp-0xc],edx
00000AA6  8B8824000000      mov ecx,[eax+0x24]
00000AAC  8B5508            mov edx,[ebp+0x8]
00000AAF  C1E206            shl edx,byte 0x6
00000AB2  01CA              add edx,ecx
00000AB4  0FB7520B          movzx edx,word [edx+0xb]
00000AB8  0FB7D2            movzx edx,dx
00000ABB  0155F4            add [ebp-0xc],edx
00000ABE  8B8824000000      mov ecx,[eax+0x24]
00000AC4  8B5508            mov edx,[ebp+0x8]
00000AC7  C1E206            shl edx,byte 0x6
00000ACA  01CA              add edx,ecx
00000ACC  0FB6520D          movzx edx,byte [edx+0xd]
00000AD0  0FB6CA            movzx ecx,dl
00000AD3  8B9824000000      mov ebx,[eax+0x24]
00000AD9  8B5508            mov edx,[ebp+0x8]
00000ADC  C1E206            shl edx,byte 0x6
00000ADF  01DA              add edx,ebx
00000AE1  0FB75213          movzx edx,word [edx+0x13]
00000AE5  0FB7D2            movzx edx,dx
00000AE8  0FAFD1            imul edx,ecx
00000AEB  0155F4            add [ebp-0xc],edx
00000AEE  8B9024000000      mov edx,[eax+0x24]
00000AF4  8B4508            mov eax,[ebp+0x8]
00000AF7  C1E006            shl eax,byte 0x6
00000AFA  01D0              add eax,edx
00000AFC  0FB7400E          movzx eax,word [eax+0xe]
00000B00  66C1E804          shr ax,byte 0x4
00000B04  0FB7C0            movzx eax,ax
00000B07  8945F8            mov [ebp-0x8],eax
00000B0A  8B45F8            mov eax,[ebp-0x8]
00000B0D  FF750C            push dword [ebp+0xc]
00000B10  50                push eax
00000B11  FF75F4            push dword [ebp-0xc]
00000B14  E837FDFFFF        call 0x850
00000B19  83C40C            add esp,byte +0xc
00000B1C  8945F0            mov [ebp-0x10],eax
00000B1F  8B45F0            mov eax,[ebp-0x10]
00000B22  8B5DFC            mov ebx,[ebp-0x4]
00000B25  C9                leave
00000B26  C3                ret
00000B27  55                push ebp
00000B28  89E5              mov ebp,esp
00000B2A  53                push ebx
00000B2B  83EC20            sub esp,byte +0x20
00000B2E  E8050D0000        call 0x1838
00000B33  05C5300000        add eax,0x30c5
00000B38  8B9028000000      mov edx,[eax+0x28]
00000B3E  C1E214            shl edx,byte 0x14
00000B41  B900004000        mov ecx,0x400000
00000B46  29CA              sub edx,ecx
00000B48  81EA00000100      sub edx,0x10000
00000B4E  C1EA0C            shr edx,byte 0xc
00000B51  8955F4            mov [ebp-0xc],edx
00000B54  8B55F4            mov edx,[ebp-0xc]
00000B57  C1EA03            shr edx,byte 0x3
00000B5A  8955E4            mov [ebp-0x1c],edx
00000B5D  8B55E4            mov edx,[ebp-0x1c]
00000B60  8D0CD500000000    lea ecx,[edx*8+0x0]
00000B67  8B55F4            mov edx,[ebp-0xc]
00000B6A  29CA              sub edx,ecx
00000B6C  8955F8            mov [ebp-0x8],edx
00000B6F  C745E800000000    mov dword [ebp-0x18],0x0
00000B76  EB19              jmp short 0xb91
00000B78  8B902C000000      mov edx,[eax+0x2c]
00000B7E  BB00051000        mov ebx,0x100500
00000B83  8B4DE8            mov ecx,[ebp-0x18]
00000B86  01D9              add ecx,ebx
00000B88  01CA              add edx,ecx
00000B8A  C60200            mov byte [edx],0x0
00000B8D  8345E801          add dword [ebp-0x18],byte +0x1
00000B91  8B55E8            mov edx,[ebp-0x18]
00000B94  3955E4            cmp [ebp-0x1c],edx
00000B97  77DF              ja 0xb78
00000B99  837DF800          cmp dword [ebp-0x8],byte +0x0
00000B9D  7456              jz 0xbf5
00000B9F  C645E301          mov byte [ebp-0x1d],0x1
00000BA3  0FB65DE3          movzx ebx,byte [ebp-0x1d]
00000BA7  8B55F8            mov edx,[ebp-0x8]
00000BAA  89D1              mov ecx,edx
00000BAC  D3E3              shl ebx,cl
00000BAE  89DA              mov edx,ebx
00000BB0  8855E3            mov [ebp-0x1d],dl
00000BB3  8B55F8            mov edx,[ebp-0x8]
00000BB6  83C201            add edx,byte +0x1
00000BB9  8955EC            mov [ebp-0x14],edx
00000BBC  EB15              jmp short 0xbd3
00000BBE  0FB655E3          movzx edx,byte [ebp-0x1d]
00000BC2  01D2              add edx,edx
00000BC4  89D1              mov ecx,edx
00000BC6  0FB655E3          movzx edx,byte [ebp-0x1d]
00000BCA  09CA              or edx,ecx
00000BCC  8855E3            mov [ebp-0x1d],dl
00000BCF  8345EC01          add dword [ebp-0x14],byte +0x1
00000BD3  837DEC07          cmp dword [ebp-0x14],byte +0x7
00000BD7  7EE5              jng 0xbbe
00000BD9  8B902C000000      mov edx,[eax+0x2c]
00000BDF  BB00051000        mov ebx,0x100500
00000BE4  8B4DE4            mov ecx,[ebp-0x1c]
00000BE7  01D9              add ecx,ebx
00000BE9  01D1              add ecx,edx
00000BEB  0FB655E3          movzx edx,byte [ebp-0x1d]
00000BEF  8811              mov [ecx],dl
00000BF1  8345E401          add dword [ebp-0x1c],byte +0x1
00000BF5  8B55E4            mov edx,[ebp-0x1c]
00000BF8  8955F0            mov [ebp-0x10],edx
00000BFB  EB19              jmp short 0xc16
00000BFD  8B902C000000      mov edx,[eax+0x2c]
00000C03  BB00051000        mov ebx,0x100500
00000C08  8B4DF0            mov ecx,[ebp-0x10]
00000C0B  01D9              add ecx,ebx
00000C0D  01CA              add edx,ecx
00000C0F  C602FF            mov byte [edx],0xff
00000C12  8345F001          add dword [ebp-0x10],byte +0x1
00000C16  817DF0FFFF0100    cmp dword [ebp-0x10],0x1ffff
00000C1D  7EDE              jng 0xbfd
00000C1F  90                nop
00000C20  90                nop
00000C21  8B5DFC            mov ebx,[ebp-0x4]
00000C24  C9                leave
00000C25  C3                ret
00000C26  55                push ebp
00000C27  89E5              mov ebp,esp
00000C29  53                push ebx
00000C2A  83EC10            sub esp,byte +0x10
00000C2D  E8060C0000        call 0x1838
00000C32  05C62F0000        add eax,0x2fc6
00000C37  8B5508            mov edx,[ebp+0x8]
00000C3A  C1EA03            shr edx,byte 0x3
00000C3D  8955F0            mov [ebp-0x10],edx
00000C40  8B55F0            mov edx,[ebp-0x10]
00000C43  8D0CD500000000    lea ecx,[edx*8+0x0]
00000C4A  8B5508            mov edx,[ebp+0x8]
00000C4D  29CA              sub edx,ecx
00000C4F  8955F4            mov [ebp-0xc],edx
00000C52  C645EE01          mov byte [ebp-0x12],0x1
00000C56  0FB65DEE          movzx ebx,byte [ebp-0x12]
00000C5A  8B55F4            mov edx,[ebp-0xc]
00000C5D  89D1              mov ecx,edx
00000C5F  D3E3              shl ebx,cl
00000C61  89DA              mov edx,ebx
00000C63  8855EE            mov [ebp-0x12],dl
00000C66  8B802C000000      mov eax,[eax+0x2c]
00000C6C  B900051000        mov ecx,0x100500
00000C71  8B55F0            mov edx,[ebp-0x10]
00000C74  01CA              add edx,ecx
00000C76  01D0              add eax,edx
00000C78  0FB600            movzx eax,byte [eax]
00000C7B  8845EF            mov [ebp-0x11],al
00000C7E  0FB645EF          movzx eax,byte [ebp-0x11]
00000C82  2245EE            and al,[ebp-0x12]
00000C85  0FB6C0            movzx eax,al
00000C88  8945F8            mov [ebp-0x8],eax
00000C8B  837DF800          cmp dword [ebp-0x8],byte +0x0
00000C8F  7407              jz 0xc98
00000C91  B800000000        mov eax,0x0
00000C96  EB05              jmp short 0xc9d
00000C98  B801000000        mov eax,0x1
00000C9D  8B5DFC            mov ebx,[ebp-0x4]
00000CA0  C9                leave
00000CA1  C3                ret
00000CA2  55                push ebp
00000CA3  89E5              mov ebp,esp
00000CA5  56                push esi
00000CA6  53                push ebx
00000CA7  83EC10            sub esp,byte +0x10
00000CAA  E8890B0000        call 0x1838
00000CAF  05492F0000        add eax,0x2f49
00000CB4  8B5508            mov edx,[ebp+0x8]
00000CB7  C1EA03            shr edx,byte 0x3
00000CBA  8955F0            mov [ebp-0x10],edx
00000CBD  8B55F0            mov edx,[ebp-0x10]
00000CC0  8D0CD500000000    lea ecx,[edx*8+0x0]
00000CC7  8B5508            mov edx,[ebp+0x8]
00000CCA  29CA              sub edx,ecx
00000CCC  8955F4            mov [ebp-0xc],edx
00000CCF  C645EF01          mov byte [ebp-0x11],0x1
00000CD3  0FB65DEF          movzx ebx,byte [ebp-0x11]
00000CD7  8B55F4            mov edx,[ebp-0xc]
00000CDA  89D1              mov ecx,edx
00000CDC  D3E3              shl ebx,cl
00000CDE  89DA              mov edx,ebx
00000CE0  8855EF            mov [ebp-0x11],dl
00000CE3  8B902C000000      mov edx,[eax+0x2c]
00000CE9  BB00051000        mov ebx,0x100500
00000CEE  8B4DF0            mov ecx,[ebp-0x10]
00000CF1  01D9              add ecx,ebx
00000CF3  01CA              add edx,ecx
00000CF5  0FB60A            movzx ecx,byte [edx]
00000CF8  0FB655EF          movzx edx,byte [ebp-0x11]
00000CFC  8B802C000000      mov eax,[eax+0x2c]
00000D02  BE00051000        mov esi,0x100500
00000D07  8B5DF0            mov ebx,[ebp-0x10]
00000D0A  01F3              add ebx,esi
00000D0C  01D8              add eax,ebx
00000D0E  09CA              or edx,ecx
00000D10  8810              mov [eax],dl
00000D12  90                nop
00000D13  83C410            add esp,byte +0x10
00000D16  5B                pop ebx
00000D17  5E                pop esi
00000D18  5D                pop ebp
00000D19  C3                ret
00000D1A  55                push ebp
00000D1B  89E5              mov ebp,esp
00000D1D  83EC20            sub esp,byte +0x20
00000D20  E8130B0000        call 0x1838
00000D25  05D32E0000        add eax,0x2ed3
00000D2A  8B4508            mov eax,[ebp+0x8]
00000D2D  C1E80C            shr eax,byte 0xc
00000D30  8945EC            mov [ebp-0x14],eax
00000D33  8B4508            mov eax,[ebp+0x8]
00000D36  2B45EC            sub eax,[ebp-0x14]
00000D39  C1E00C            shl eax,byte 0xc
00000D3C  85C0              test eax,eax
00000D3E  7404              jz 0xd44
00000D40  8345EC01          add dword [ebp-0x14],byte +0x1
00000D44  C745F000000000    mov dword [ebp-0x10],0x0
00000D4B  C745F400000000    mov dword [ebp-0xc],0x0
00000D52  EB48              jmp short 0xd9c
00000D54  C745F000000000    mov dword [ebp-0x10],0x0
00000D5B  8B45F4            mov eax,[ebp-0xc]
00000D5E  8945F8            mov [ebp-0x8],eax
00000D61  EB08              jmp short 0xd6b
00000D63  8345F001          add dword [ebp-0x10],byte +0x1
00000D67  8345F801          add dword [ebp-0x8],byte +0x1
00000D6B  8B45F0            mov eax,[ebp-0x10]
00000D6E  3B45EC            cmp eax,[ebp-0x14]
00000D71  7318              jnc 0xd8b
00000D73  FF75F8            push dword [ebp-0x8]
00000D76  E8ABFEFFFF        call 0xc26
00000D7B  83C404            add esp,byte +0x4
00000D7E  85C0              test eax,eax
00000D80  7409              jz 0xd8b
00000D82  817DF8FFFF0F00    cmp dword [ebp-0x8],0xfffff
00000D89  76D8              jna 0xd63
00000D8B  8B45F0            mov eax,[ebp-0x10]
00000D8E  3B45EC            cmp eax,[ebp-0x14]
00000D91  7309              jnc 0xd9c
00000D93  8B45F8            mov eax,[ebp-0x8]
00000D96  83C001            add eax,byte +0x1
00000D99  8945F4            mov [ebp-0xc],eax
00000D9C  8B45F0            mov eax,[ebp-0x10]
00000D9F  3B45EC            cmp eax,[ebp-0x14]
00000DA2  7309              jnc 0xdad
00000DA4  817DF4FFFF0F00    cmp dword [ebp-0xc],0xfffff
00000DAB  76A7              jna 0xd54
00000DAD  8B45F0            mov eax,[ebp-0x10]
00000DB0  3B45EC            cmp eax,[ebp-0x14]
00000DB3  7307              jnc 0xdbc
00000DB5  B8FFFFFFFF        mov eax,0xffffffff
00000DBA  EB29              jmp short 0xde5
00000DBC  C745FC00000000    mov dword [ebp-0x4],0x0
00000DC3  EB15              jmp short 0xdda
00000DC5  8B55FC            mov edx,[ebp-0x4]
00000DC8  8B45F4            mov eax,[ebp-0xc]
00000DCB  01D0              add eax,edx
00000DCD  50                push eax
00000DCE  E8CFFEFFFF        call 0xca2
00000DD3  83C404            add esp,byte +0x4
00000DD6  8345FC01          add dword [ebp-0x4],byte +0x1
00000DDA  8B45FC            mov eax,[ebp-0x4]
00000DDD  3945EC            cmp [ebp-0x14],eax
00000DE0  77E3              ja 0xdc5
00000DE2  8B45F4            mov eax,[ebp-0xc]
00000DE5  C9                leave
00000DE6  C3                ret
00000DE7  55                push ebp
00000DE8  89E5              mov ebp,esp
00000DEA  83EC18            sub esp,byte +0x18
00000DED  E8460A0000        call 0x1838
00000DF2  05062E0000        add eax,0x2e06
00000DF7  8B450C            mov eax,[ebp+0xc]
00000DFA  C1E80C            shr eax,byte 0xc
00000DFD  8945F0            mov [ebp-0x10],eax
00000E00  8B450C            mov eax,[ebp+0xc]
00000E03  2B45F0            sub eax,[ebp-0x10]
00000E06  C1E00C            shl eax,byte 0xc
00000E09  85C0              test eax,eax
00000E0B  7404              jz 0xe11
00000E0D  8345F001          add dword [ebp-0x10],byte +0x1
00000E11  C745F400000000    mov dword [ebp-0xc],0x0
00000E18  EB18              jmp short 0xe32
00000E1A  8B55F4            mov edx,[ebp-0xc]
00000E1D  8B4508            mov eax,[ebp+0x8]
00000E20  01D0              add eax,edx
00000E22  83EC0C            sub esp,byte +0xc
00000E25  50                push eax
00000E26  E813000000        call 0xe3e
00000E2B  83C410            add esp,byte +0x10
00000E2E  8345F401          add dword [ebp-0xc],byte +0x1
00000E32  8B45F4            mov eax,[ebp-0xc]
00000E35  3945F0            cmp [ebp-0x10],eax
00000E38  77E0              ja 0xe1a
00000E3A  90                nop
00000E3B  90                nop
00000E3C  C9                leave
00000E3D  C3                ret
00000E3E  55                push ebp
00000E3F  89E5              mov ebp,esp
00000E41  56                push esi
00000E42  53                push ebx
00000E43  83EC10            sub esp,byte +0x10
00000E46  E8ED090000        call 0x1838
00000E4B  05AD2D0000        add eax,0x2dad
00000E50  8B5508            mov edx,[ebp+0x8]
00000E53  C1EA03            shr edx,byte 0x3
00000E56  8955F0            mov [ebp-0x10],edx
00000E59  8B55F0            mov edx,[ebp-0x10]
00000E5C  8D0CD500000000    lea ecx,[edx*8+0x0]
00000E63  8B5508            mov edx,[ebp+0x8]
00000E66  29CA              sub edx,ecx
00000E68  8955F4            mov [ebp-0xc],edx
00000E6B  C645EF01          mov byte [ebp-0x11],0x1
00000E6F  0FB65DEF          movzx ebx,byte [ebp-0x11]
00000E73  8B55F4            mov edx,[ebp-0xc]
00000E76  89D1              mov ecx,edx
00000E78  D3E3              shl ebx,cl
00000E7A  89DA              mov edx,ebx
00000E7C  8855EF            mov [ebp-0x11],dl
00000E7F  F655EF            not byte [ebp-0x11]
00000E82  8B902C000000      mov edx,[eax+0x2c]
00000E88  BB00051000        mov ebx,0x100500
00000E8D  8B4DF0            mov ecx,[ebp-0x10]
00000E90  01D9              add ecx,ebx
00000E92  01CA              add edx,ecx
00000E94  0FB60A            movzx ecx,byte [edx]
00000E97  0FB655EF          movzx edx,byte [ebp-0x11]
00000E9B  8B802C000000      mov eax,[eax+0x2c]
00000EA1  BE00051000        mov esi,0x100500
00000EA6  8B5DF0            mov ebx,[ebp-0x10]
00000EA9  01F3              add ebx,esi
00000EAB  01D8              add eax,ebx
00000EAD  21CA              and edx,ecx
00000EAF  8810              mov [eax],dl
00000EB1  90                nop
00000EB2  83C410            add esp,byte +0x10
00000EB5  5B                pop ebx
00000EB6  5E                pop esi
00000EB7  5D                pop ebp
00000EB8  C3                ret
00000EB9  55                push ebp
00000EBA  89E5              mov ebp,esp
00000EBC  83EC10            sub esp,byte +0x10
00000EBF  E874090000        call 0x1838
00000EC4  05342D0000        add eax,0x2d34
00000EC9  8B4508            mov eax,[ebp+0x8]
00000ECC  C1E00C            shl eax,byte 0xc
00000ECF  BA00004000        mov edx,0x400000
00000ED4  01D0              add eax,edx
00000ED6  8945FC            mov [ebp-0x4],eax
00000ED9  8B45FC            mov eax,[ebp-0x4]
00000EDC  C9                leave
00000EDD  C3                ret
00000EDE  55                push ebp
00000EDF  89E5              mov ebp,esp
00000EE1  53                push ebx
00000EE2  83EC10            sub esp,byte +0x10
00000EE5  E84E090000        call 0x1838
00000EEA  050E2D0000        add eax,0x2d0e
00000EEF  C745F000000000    mov dword [ebp-0x10],0x0
00000EF6  837D0C01          cmp dword [ebp+0xc],byte +0x1
00000EFA  0F86BA000000      jna near 0xfba
00000F00  8B8824000000      mov ecx,[eax+0x24]
00000F06  8B5508            mov edx,[ebp+0x8]
00000F09  C1E206            shl edx,byte 0x6
00000F0C  01CA              add edx,ecx
00000F0E  0FB6520A          movzx edx,byte [edx+0xa]
00000F12  0FB6D2            movzx edx,dl
00000F15  8955F4            mov [ebp-0xc],edx
00000F18  8B8824000000      mov ecx,[eax+0x24]
00000F1E  8B5508            mov edx,[ebp+0x8]
00000F21  C1E206            shl edx,byte 0x6
00000F24  01CA              add edx,ecx
00000F26  8B5219            mov edx,[edx+0x19]
00000F29  8955F8            mov [ebp-0x8],edx
00000F2C  8B8824000000      mov ecx,[eax+0x24]
00000F32  8B5508            mov edx,[ebp+0x8]
00000F35  C1E206            shl edx,byte 0x6
00000F38  01CA              add edx,ecx
00000F3A  0FB7520B          movzx edx,word [edx+0xb]
00000F3E  0FB7D2            movzx edx,dx
00000F41  0155F8            add [ebp-0x8],edx
00000F44  8B8824000000      mov ecx,[eax+0x24]
00000F4A  8B5508            mov edx,[ebp+0x8]
00000F4D  C1E206            shl edx,byte 0x6
00000F50  01CA              add edx,ecx
00000F52  0FB6520D          movzx edx,byte [edx+0xd]
00000F56  0FB6CA            movzx ecx,dl
00000F59  8B9824000000      mov ebx,[eax+0x24]
00000F5F  8B5508            mov edx,[ebp+0x8]
00000F62  C1E206            shl edx,byte 0x6
00000F65  01DA              add edx,ebx
00000F67  0FB75213          movzx edx,word [edx+0x13]
00000F6B  0FB7D2            movzx edx,dx
00000F6E  0FAFD1            imul edx,ecx
00000F71  0155F8            add [ebp-0x8],edx
00000F74  8B9024000000      mov edx,[eax+0x24]
00000F7A  8B4508            mov eax,[ebp+0x8]
00000F7D  C1E006            shl eax,byte 0x6
00000F80  01D0              add eax,edx
00000F82  0FB7400E          movzx eax,word [eax+0xe]
00000F86  66C1E804          shr ax,byte 0x4
00000F8A  0FB7C0            movzx eax,ax
00000F8D  0145F8            add [ebp-0x8],eax
00000F90  8B450C            mov eax,[ebp+0xc]
00000F93  8D50FE            lea edx,[eax-0x2]
00000F96  8B45F4            mov eax,[ebp-0xc]
00000F99  0FAFD0            imul edx,eax
00000F9C  8B45F8            mov eax,[ebp-0x8]
00000F9F  01D0              add eax,edx
00000FA1  8945F8            mov [ebp-0x8],eax
00000FA4  8B55F4            mov edx,[ebp-0xc]
00000FA7  8B45F8            mov eax,[ebp-0x8]
00000FAA  FF7510            push dword [ebp+0x10]
00000FAD  52                push edx
00000FAE  50                push eax
00000FAF  E89CF8FFFF        call 0x850
00000FB4  83C40C            add esp,byte +0xc
00000FB7  8945F0            mov [ebp-0x10],eax
00000FBA  8B45F0            mov eax,[ebp-0x10]
00000FBD  8B5DFC            mov ebx,[ebp-0x4]
00000FC0  C9                leave
00000FC1  C3                ret
00000FC2  55                push ebp
00000FC3  89E5              mov ebp,esp
00000FC5  83EC10            sub esp,byte +0x10
00000FC8  E86B080000        call 0x1838
00000FCD  052B2C0000        add eax,0x2c2b
00000FD2  C745FC00000000    mov dword [ebp-0x4],0x0
00000FD9  90                nop
00000FDA  8B45FC            mov eax,[ebp-0x4]
00000FDD  8D5001            lea edx,[eax+0x1]
00000FE0  8955FC            mov [ebp-0x4],edx
00000FE3  89C2              mov edx,eax
00000FE5  8B4508            mov eax,[ebp+0x8]
00000FE8  01D0              add eax,edx
00000FEA  0FB600            movzx eax,byte [eax]
00000FED  84C0              test al,al
00000FEF  75E9              jnz 0xfda
00000FF1  8B45FC            mov eax,[ebp-0x4]
00000FF4  83E801            sub eax,byte +0x1
00000FF7  C9                leave
00000FF8  C3                ret
00000FF9  55                push ebp
00000FFA  89E5              mov ebp,esp
00000FFC  83EC10            sub esp,byte +0x10
00000FFF  E834080000        call 0x1838
00001004  05F42B0000        add eax,0x2bf4
00001009  C745F800000000    mov dword [ebp-0x8],0x0
00001010  FF7508            push dword [ebp+0x8]
00001013  E8AAFFFFFF        call 0xfc2
00001018  83C404            add esp,byte +0x4
0000101B  85C0              test eax,eax
0000101D  0F840D010000      jz near 0x1130
00001023  FF750C            push dword [ebp+0xc]
00001026  E897FFFFFF        call 0xfc2
0000102B  83C404            add esp,byte +0x4
0000102E  85C0              test eax,eax
00001030  0F84FA000000      jz near 0x1130
00001036  C745FC00000000    mov dword [ebp-0x4],0x0
0000103D  EB4A              jmp short 0x1089
0000103F  8B55FC            mov edx,[ebp-0x4]
00001042  8B4508            mov eax,[ebp+0x8]
00001045  01D0              add eax,edx
00001047  0FB610            movzx edx,byte [eax]
0000104A  8B4DFC            mov ecx,[ebp-0x4]
0000104D  8B450C            mov eax,[ebp+0xc]
00001050  01C8              add eax,ecx
00001052  0FB600            movzx eax,byte [eax]
00001055  38C2              cmp dl,al
00001057  7E09              jng 0x1062
00001059  C745F801000000    mov dword [ebp-0x8],0x1
00001060  EB45              jmp short 0x10a7
00001062  8B55FC            mov edx,[ebp-0x4]
00001065  8B4508            mov eax,[ebp+0x8]
00001068  01D0              add eax,edx
0000106A  0FB610            movzx edx,byte [eax]
0000106D  8B4DFC            mov ecx,[ebp-0x4]
00001070  8B450C            mov eax,[ebp+0xc]
00001073  01C8              add eax,ecx
00001075  0FB600            movzx eax,byte [eax]
00001078  38C2              cmp dl,al
0000107A  7D09              jnl 0x1085
0000107C  C745F8FFFFFFFF    mov dword [ebp-0x8],0xffffffff
00001083  EB22              jmp short 0x10a7
00001085  8345FC01          add dword [ebp-0x4],byte +0x1
00001089  8B55FC            mov edx,[ebp-0x4]
0000108C  8B4508            mov eax,[ebp+0x8]
0000108F  01D0              add eax,edx
00001091  0FB600            movzx eax,byte [eax]
00001094  84C0              test al,al
00001096  740F              jz 0x10a7
00001098  8B55FC            mov edx,[ebp-0x4]
0000109B  8B450C            mov eax,[ebp+0xc]
0000109E  01D0              add eax,edx
000010A0  0FB600            movzx eax,byte [eax]
000010A3  84C0              test al,al
000010A5  7598              jnz 0x103f
000010A7  837DF800          cmp dword [ebp-0x8],byte +0x0
000010AB  7528              jnz 0x10d5
000010AD  8B55FC            mov edx,[ebp-0x4]
000010B0  8B4508            mov eax,[ebp+0x8]
000010B3  01D0              add eax,edx
000010B5  0FB600            movzx eax,byte [eax]
000010B8  84C0              test al,al
000010BA  7519              jnz 0x10d5
000010BC  8B55FC            mov edx,[ebp-0x4]
000010BF  8B450C            mov eax,[ebp+0xc]
000010C2  01D0              add eax,edx
000010C4  0FB600            movzx eax,byte [eax]
000010C7  84C0              test al,al
000010C9  750A              jnz 0x10d5
000010CB  B800000000        mov eax,0x0
000010D0  E9AA000000        jmp 0x117f
000010D5  837DF800          cmp dword [ebp-0x8],byte +0x0
000010D9  7525              jnz 0x1100
000010DB  8B55FC            mov edx,[ebp-0x4]
000010DE  8B4508            mov eax,[ebp+0x8]
000010E1  01D0              add eax,edx
000010E3  0FB600            movzx eax,byte [eax]
000010E6  84C0              test al,al
000010E8  7E16              jng 0x1100
000010EA  8B55FC            mov edx,[ebp-0x4]
000010ED  8B450C            mov eax,[ebp+0xc]
000010F0  01D0              add eax,edx
000010F2  0FB600            movzx eax,byte [eax]
000010F5  84C0              test al,al
000010F7  7507              jnz 0x1100
000010F9  B801000000        mov eax,0x1
000010FE  EB7F              jmp short 0x117f
00001100  837DF800          cmp dword [ebp-0x8],byte +0x0
00001104  7525              jnz 0x112b
00001106  8B55FC            mov edx,[ebp-0x4]
00001109  8B4508            mov eax,[ebp+0x8]
0000110C  01D0              add eax,edx
0000110E  0FB600            movzx eax,byte [eax]
00001111  84C0              test al,al
00001113  7516              jnz 0x112b
00001115  8B55FC            mov edx,[ebp-0x4]
00001118  8B450C            mov eax,[ebp+0xc]
0000111B  01D0              add eax,edx
0000111D  0FB600            movzx eax,byte [eax]
00001120  84C0              test al,al
00001122  7E07              jng 0x112b
00001124  B8FFFFFFFF        mov eax,0xffffffff
00001129  EB54              jmp short 0x117f
0000112B  8B45F8            mov eax,[ebp-0x8]
0000112E  EB4F              jmp short 0x117f
00001130  FF7508            push dword [ebp+0x8]
00001133  E88AFEFFFF        call 0xfc2
00001138  83C404            add esp,byte +0x4
0000113B  85C0              test eax,eax
0000113D  7E16              jng 0x1155
0000113F  FF750C            push dword [ebp+0xc]
00001142  E87BFEFFFF        call 0xfc2
00001147  83C404            add esp,byte +0x4
0000114A  85C0              test eax,eax
0000114C  7507              jnz 0x1155
0000114E  B801000000        mov eax,0x1
00001153  EB2A              jmp short 0x117f
00001155  FF7508            push dword [ebp+0x8]
00001158  E865FEFFFF        call 0xfc2
0000115D  83C404            add esp,byte +0x4
00001160  85C0              test eax,eax
00001162  7516              jnz 0x117a
00001164  FF750C            push dword [ebp+0xc]
00001167  E856FEFFFF        call 0xfc2
0000116C  83C404            add esp,byte +0x4
0000116F  85C0              test eax,eax
00001171  7E07              jng 0x117a
00001173  B8FFFFFFFF        mov eax,0xffffffff
00001178  EB05              jmp short 0x117f
0000117A  B800000000        mov eax,0x0
0000117F  C9                leave
00001180  C3                ret
00001181  55                push ebp
00001182  89E5              mov ebp,esp
00001184  83EC10            sub esp,byte +0x10
00001187  E8AC060000        call 0x1838
0000118C  056C2A0000        add eax,0x2a6c
00001191  8B9024000000      mov edx,[eax+0x24]
00001197  8B4A19            mov ecx,[edx+0x19]
0000119A  8B9024000000      mov edx,[eax+0x24]
000011A0  0FB7520B          movzx edx,word [edx+0xb]
000011A4  0FB7D2            movzx edx,dx
000011A7  01CA              add edx,ecx
000011A9  8955F8            mov [ebp-0x8],edx
000011AC  8B8024000000      mov eax,[eax+0x24]
000011B2  0FB74013          movzx eax,word [eax+0x13]
000011B6  0FB7C0            movzx eax,ax
000011B9  8945FC            mov [ebp-0x4],eax
000011BC  B800051200        mov eax,0x120500
000011C1  50                push eax
000011C2  FF75FC            push dword [ebp-0x4]
000011C5  FF75F8            push dword [ebp-0x8]
000011C8  E883F6FFFF        call 0x850
000011CD  83C40C            add esp,byte +0xc
000011D0  90                nop
000011D1  C9                leave
000011D2  C3                ret
000011D3  55                push ebp
000011D4  89E5              mov ebp,esp
000011D6  83EC78            sub esp,byte +0x78
000011D9  E85A060000        call 0x1838
000011DE  051A2A0000        add eax,0x2a1a
000011E3  8B5508            mov edx,[ebp+0x8]
000011E6  895594            mov [ebp-0x6c],edx
000011E9  8B552C            mov edx,[ebp+0x2c]
000011EC  895590            mov [ebp-0x70],edx
000011EF  658B1514000000    mov edx,[dword gs:0x14]
000011F6  8955F4            mov [ebp-0xc],edx
000011F9  31D2              xor edx,edx
000011FB  C645C700          mov byte [ebp-0x39],0x0
000011FF  BA00051200        mov edx,0x120500
00001204  8955AC            mov [ebp-0x54],edx
00001207  C745B000000000    mov dword [ebp-0x50],0x0
0000120E  C745B400000000    mov dword [ebp-0x4c],0x0
00001215  C745B800000000    mov dword [ebp-0x48],0x0
0000121C  8B9024000000      mov edx,[eax+0x24]
00001222  0FB6520A          movzx edx,byte [edx+0xa]
00001226  0FB6D2            movzx edx,dl
00001229  8955BC            mov [ebp-0x44],edx
0000122C  C165BC09          shl dword [ebp-0x44],byte 0x9
00001230  0FB75526          movzx edx,word [ebp+0x26]
00001234  6685D2            test dx,dx
00001237  0F8524010000      jnz near 0x1361
0000123D  8B8024000000      mov eax,[eax+0x24]
00001243  0FB7400E          movzx eax,word [eax+0xe]
00001247  0FB7C0            movzx eax,ax
0000124A  8945B4            mov [ebp-0x4c],eax
0000124D  C165B405          shl dword [ebp-0x4c],byte 0x5
00001251  FF75B4            push dword [ebp-0x4c]
00001254  E8C1FAFFFF        call 0xd1a
00001259  83C404            add esp,byte +0x4
0000125C  8945B8            mov [ebp-0x48],eax
0000125F  FF75B8            push dword [ebp-0x48]
00001262  E852FCFFFF        call 0xeb9
00001267  83C404            add esp,byte +0x4
0000126A  8945B0            mov [ebp-0x50],eax
0000126D  FF75B0            push dword [ebp-0x50]
00001270  6A00              push byte +0x0
00001272  E803F8FFFF        call 0xa7a
00001277  83C408            add esp,byte +0x8
0000127A  8B45B0            mov eax,[ebp-0x50]
0000127D  8945C0            mov [ebp-0x40],eax
00001280  C745A400000000    mov dword [ebp-0x5c],0x0
00001287  E9A7000000        jmp 0x1333
0000128C  8B45A4            mov eax,[ebp-0x5c]
0000128F  C1E005            shl eax,byte 0x5
00001292  89C2              mov edx,eax
00001294  8B45C0            mov eax,[ebp-0x40]
00001297  01D0              add eax,edx
00001299  83EC08            sub esp,byte +0x8
0000129C  50                push eax
0000129D  8D45E7            lea eax,[ebp-0x19]
000012A0  50                push eax
000012A1  E861020000        call 0x1507
000012A6  83C410            add esp,byte +0x10
000012A9  83EC08            sub esp,byte +0x8
000012AC  FF7590            push dword [ebp-0x70]
000012AF  50                push eax
000012B0  E844FDFFFF        call 0xff9
000012B5  83C410            add esp,byte +0x10
000012B8  85C0              test eax,eax
000012BA  7573              jnz 0x132f
000012BC  8B45A4            mov eax,[ebp-0x5c]
000012BF  C1E005            shl eax,byte 0x5
000012C2  89C2              mov edx,eax
000012C4  8B45C0            mov eax,[ebp-0x40]
000012C7  01D0              add eax,edx
000012C9  8B10              mov edx,[eax]
000012CB  8955C7            mov [ebp-0x39],edx
000012CE  8B5004            mov edx,[eax+0x4]
000012D1  8955CB            mov [ebp-0x35],edx
000012D4  8B5008            mov edx,[eax+0x8]
000012D7  8955CF            mov [ebp-0x31],edx
000012DA  8B500C            mov edx,[eax+0xc]
000012DD  8955D3            mov [ebp-0x2d],edx
000012E0  8B5010            mov edx,[eax+0x10]
000012E3  8955D7            mov [ebp-0x29],edx
000012E6  8B5014            mov edx,[eax+0x14]
000012E9  8955DB            mov [ebp-0x25],edx
000012EC  8B5018            mov edx,[eax+0x18]
000012EF  8955DF            mov [ebp-0x21],edx
000012F2  8B401C            mov eax,[eax+0x1c]
000012F5  8945E3            mov [ebp-0x1d],eax
000012F8  8B4594            mov eax,[ebp-0x6c]
000012FB  8B55C7            mov edx,[ebp-0x39]
000012FE  8910              mov [eax],edx
00001300  8B55CB            mov edx,[ebp-0x35]
00001303  895004            mov [eax+0x4],edx
00001306  8B55CF            mov edx,[ebp-0x31]
00001309  895008            mov [eax+0x8],edx
0000130C  8B55D3            mov edx,[ebp-0x2d]
0000130F  89500C            mov [eax+0xc],edx
00001312  8B55D7            mov edx,[ebp-0x29]
00001315  895010            mov [eax+0x10],edx
00001318  8B55DB            mov edx,[ebp-0x25]
0000131B  895014            mov [eax+0x14],edx
0000131E  8B55DF            mov edx,[ebp-0x21]
00001321  895018            mov [eax+0x18],edx
00001324  8B55E3            mov edx,[ebp-0x1d]
00001327  89501C            mov [eax+0x1c],edx
0000132A  E9C0010000        jmp 0x14ef
0000132F  8345A401          add dword [ebp-0x5c],byte +0x1
00001333  8B45A4            mov eax,[ebp-0x5c]
00001336  C1E005            shl eax,byte 0x5
00001339  89C2              mov edx,eax
0000133B  8B45C0            mov eax,[ebp-0x40]
0000133E  01D0              add eax,edx
00001340  0FB600            movzx eax,byte [eax]
00001343  84C0              test al,al
00001345  0F8541FFFFFF      jnz near 0x128c
0000134B  83EC08            sub esp,byte +0x8
0000134E  FF75B4            push dword [ebp-0x4c]
00001351  FF75B8            push dword [ebp-0x48]
00001354  E88EFAFFFF        call 0xde7
00001359  83C410            add esp,byte +0x10
0000135C  E95C010000        jmp 0x14bd
00001361  0FB74526          movzx eax,word [ebp+0x26]
00001365  668945A0          mov [ebp-0x60],ax
00001369  0FB745A0          movzx eax,word [ebp-0x60]
0000136D  8D1400            lea edx,[eax+eax]
00001370  8B45AC            mov eax,[ebp-0x54]
00001373  01D0              add eax,edx
00001375  0FB700            movzx eax,word [eax]
00001378  668945A2          mov [ebp-0x5e],ax
0000137C  83EC0C            sub esp,byte +0xc
0000137F  FF75BC            push dword [ebp-0x44]
00001382  E893F9FFFF        call 0xd1a
00001387  83C410            add esp,byte +0x10
0000138A  8945B8            mov [ebp-0x48],eax
0000138D  83EC0C            sub esp,byte +0xc
00001390  FF75B8            push dword [ebp-0x48]
00001393  E821FBFFFF        call 0xeb9
00001398  83C410            add esp,byte +0x10
0000139B  8945B0            mov [ebp-0x50],eax
0000139E  0FB745A0          movzx eax,word [ebp-0x60]
000013A2  83EC04            sub esp,byte +0x4
000013A5  FF75B0            push dword [ebp-0x50]
000013A8  50                push eax
000013A9  6A00              push byte +0x0
000013AB  E82EFBFFFF        call 0xede
000013B0  83C410            add esp,byte +0x10
000013B3  8B45B0            mov eax,[ebp-0x50]
000013B6  8945C0            mov [ebp-0x40],eax
000013B9  C745A800000000    mov dword [ebp-0x58],0x0
000013C0  E9A7000000        jmp 0x146c
000013C5  8B45A8            mov eax,[ebp-0x58]
000013C8  C1E005            shl eax,byte 0x5
000013CB  89C2              mov edx,eax
000013CD  8B45C0            mov eax,[ebp-0x40]
000013D0  01D0              add eax,edx
000013D2  83EC08            sub esp,byte +0x8
000013D5  50                push eax
000013D6  8D45E7            lea eax,[ebp-0x19]
000013D9  50                push eax
000013DA  E828010000        call 0x1507
000013DF  83C410            add esp,byte +0x10
000013E2  83EC08            sub esp,byte +0x8
000013E5  FF7590            push dword [ebp-0x70]
000013E8  50                push eax
000013E9  E80BFCFFFF        call 0xff9
000013EE  83C410            add esp,byte +0x10
000013F1  85C0              test eax,eax
000013F3  7573              jnz 0x1468
000013F5  8B45A8            mov eax,[ebp-0x58]
000013F8  C1E005            shl eax,byte 0x5
000013FB  89C2              mov edx,eax
000013FD  8B45C0            mov eax,[ebp-0x40]
00001400  01D0              add eax,edx
00001402  8B10              mov edx,[eax]
00001404  8955C7            mov [ebp-0x39],edx
00001407  8B5004            mov edx,[eax+0x4]
0000140A  8955CB            mov [ebp-0x35],edx
0000140D  8B5008            mov edx,[eax+0x8]
00001410  8955CF            mov [ebp-0x31],edx
00001413  8B500C            mov edx,[eax+0xc]
00001416  8955D3            mov [ebp-0x2d],edx
00001419  8B5010            mov edx,[eax+0x10]
0000141C  8955D7            mov [ebp-0x29],edx
0000141F  8B5014            mov edx,[eax+0x14]
00001422  8955DB            mov [ebp-0x25],edx
00001425  8B5018            mov edx,[eax+0x18]
00001428  8955DF            mov [ebp-0x21],edx
0000142B  8B401C            mov eax,[eax+0x1c]
0000142E  8945E3            mov [ebp-0x1d],eax
00001431  8B4594            mov eax,[ebp-0x6c]
00001434  8B55C7            mov edx,[ebp-0x39]
00001437  8910              mov [eax],edx
00001439  8B55CB            mov edx,[ebp-0x35]
0000143C  895004            mov [eax+0x4],edx
0000143F  8B55CF            mov edx,[ebp-0x31]
00001442  895008            mov [eax+0x8],edx
00001445  8B55D3            mov edx,[ebp-0x2d]
00001448  89500C            mov [eax+0xc],edx
0000144B  8B55D7            mov edx,[ebp-0x29]
0000144E  895010            mov [eax+0x10],edx
00001451  8B55DB            mov edx,[ebp-0x25]
00001454  895014            mov [eax+0x14],edx
00001457  8B55DF            mov edx,[ebp-0x21]
0000145A  895018            mov [eax+0x18],edx
0000145D  8B55E3            mov edx,[ebp-0x1d]
00001460  89501C            mov [eax+0x1c],edx
00001463  E987000000        jmp 0x14ef
00001468  8345A801          add dword [ebp-0x58],byte +0x1
0000146C  8B45A8            mov eax,[ebp-0x58]
0000146F  C1E005            shl eax,byte 0x5
00001472  89C2              mov edx,eax
00001474  8B45C0            mov eax,[ebp-0x40]
00001477  01D0              add eax,edx
00001479  0FB600            movzx eax,byte [eax]
0000147C  84C0              test al,al
0000147E  0F8541FFFFFF      jnz near 0x13c5
00001484  66837DA2FF        cmp word [ebp-0x5e],byte -0x1
00001489  7420              jz 0x14ab
0000148B  0FB745A2          movzx eax,word [ebp-0x5e]
0000148F  668945A0          mov [ebp-0x60],ax
00001493  0FB745A0          movzx eax,word [ebp-0x60]
00001497  8D1400            lea edx,[eax+eax]
0000149A  8B45AC            mov eax,[ebp-0x54]
0000149D  01D0              add eax,edx
0000149F  0FB700            movzx eax,word [eax]
000014A2  668945A2          mov [ebp-0x5e],ax
000014A6  E9F3FEFFFF        jmp 0x139e
000014AB  90                nop
000014AC  83EC08            sub esp,byte +0x8
000014AF  FF75BC            push dword [ebp-0x44]
000014B2  FF75B8            push dword [ebp-0x48]
000014B5  E82DF9FFFF        call 0xde7
000014BA  83C410            add esp,byte +0x10
000014BD  8B4594            mov eax,[ebp-0x6c]
000014C0  8B55C7            mov edx,[ebp-0x39]
000014C3  8910              mov [eax],edx
000014C5  8B55CB            mov edx,[ebp-0x35]
000014C8  895004            mov [eax+0x4],edx
000014CB  8B55CF            mov edx,[ebp-0x31]
000014CE  895008            mov [eax+0x8],edx
000014D1  8B55D3            mov edx,[ebp-0x2d]
000014D4  89500C            mov [eax+0xc],edx
000014D7  8B55D7            mov edx,[ebp-0x29]
000014DA  895010            mov [eax+0x10],edx
000014DD  8B55DB            mov edx,[ebp-0x25]
000014E0  895014            mov [eax+0x14],edx
000014E3  8B55DF            mov edx,[ebp-0x21]
000014E6  895018            mov [eax+0x18],edx
000014E9  8B55E3            mov edx,[ebp-0x1d]
000014EC  89501C            mov [eax+0x1c],edx
000014EF  8B45F4            mov eax,[ebp-0xc]
000014F2  652B0514000000    sub eax,[dword gs:0x14]
000014F9  7405              jz 0x1500
000014FB  E803F2FFFF        call 0x703
00001500  8B4594            mov eax,[ebp-0x6c]
00001503  C9                leave
00001504  C20400            ret 0x4
00001507  55                push ebp
00001508  89E5              mov ebp,esp
0000150A  83EC18            sub esp,byte +0x18
0000150D  E826030000        call 0x1838
00001512  05E6260000        add eax,0x26e6
00001517  C745EC00000000    mov dword [ebp-0x14],0x0
0000151E  C745F000000000    mov dword [ebp-0x10],0x0
00001525  EB3B              jmp short 0x1562
00001527  8B55F0            mov edx,[ebp-0x10]
0000152A  8B450C            mov eax,[ebp+0xc]
0000152D  01D0              add eax,edx
0000152F  0FB600            movzx eax,byte [eax]
00001532  0FBEC0            movsx eax,al
00001535  83EC0C            sub esp,byte +0xc
00001538  50                push eax
00001539  E8B3000000        call 0x15f1
0000153E  83C410            add esp,byte +0x10
00001541  85C0              test eax,eax
00001543  7419              jz 0x155e
00001545  8B55F0            mov edx,[ebp-0x10]
00001548  8B450C            mov eax,[ebp+0xc]
0000154B  01D0              add eax,edx
0000154D  8B4DEC            mov ecx,[ebp-0x14]
00001550  8B5508            mov edx,[ebp+0x8]
00001553  01CA              add edx,ecx
00001555  0FB600            movzx eax,byte [eax]
00001558  8802              mov [edx],al
0000155A  8345EC01          add dword [ebp-0x14],byte +0x1
0000155E  8345F001          add dword [ebp-0x10],byte +0x1
00001562  837DF007          cmp dword [ebp-0x10],byte +0x7
00001566  7EBF              jng 0x1527
00001568  8B450C            mov eax,[ebp+0xc]
0000156B  83C008            add eax,byte +0x8
0000156E  0FB600            movzx eax,byte [eax]
00001571  0FBEC0            movsx eax,al
00001574  83EC0C            sub esp,byte +0xc
00001577  50                push eax
00001578  E874000000        call 0x15f1
0000157D  83C410            add esp,byte +0x10
00001580  85C0              test eax,eax
00001582  745D              jz 0x15e1
00001584  8B45EC            mov eax,[ebp-0x14]
00001587  8D5001            lea edx,[eax+0x1]
0000158A  8955EC            mov [ebp-0x14],edx
0000158D  89C2              mov edx,eax
0000158F  8B4508            mov eax,[ebp+0x8]
00001592  01D0              add eax,edx
00001594  C6002E            mov byte [eax],0x2e
00001597  C745F408000000    mov dword [ebp-0xc],0x8
0000159E  EB3B              jmp short 0x15db
000015A0  8B55F4            mov edx,[ebp-0xc]
000015A3  8B450C            mov eax,[ebp+0xc]
000015A6  01D0              add eax,edx
000015A8  0FB600            movzx eax,byte [eax]
000015AB  0FBEC0            movsx eax,al
000015AE  83EC0C            sub esp,byte +0xc
000015B1  50                push eax
000015B2  E83A000000        call 0x15f1
000015B7  83C410            add esp,byte +0x10
000015BA  85C0              test eax,eax
000015BC  7419              jz 0x15d7
000015BE  8B55F4            mov edx,[ebp-0xc]
000015C1  8B450C            mov eax,[ebp+0xc]
000015C4  01D0              add eax,edx
000015C6  8B4DEC            mov ecx,[ebp-0x14]
000015C9  8B5508            mov edx,[ebp+0x8]
000015CC  01CA              add edx,ecx
000015CE  0FB600            movzx eax,byte [eax]
000015D1  8802              mov [edx],al
000015D3  8345EC01          add dword [ebp-0x14],byte +0x1
000015D7  8345F401          add dword [ebp-0xc],byte +0x1
000015DB  837DF40A          cmp dword [ebp-0xc],byte +0xa
000015DF  7EBF              jng 0x15a0
000015E1  8B55EC            mov edx,[ebp-0x14]
000015E4  8B4508            mov eax,[ebp+0x8]
000015E7  01D0              add eax,edx
000015E9  C60000            mov byte [eax],0x0
000015EC  8B4508            mov eax,[ebp+0x8]
000015EF  C9                leave
000015F0  C3                ret
000015F1  55                push ebp
000015F2  89E5              mov ebp,esp
000015F4  83EC58            sub esp,byte +0x58
000015F7  E83C020000        call 0x1838
000015FC  05FC250000        add eax,0x25fc
00001601  8B4508            mov eax,[ebp+0x8]
00001604  8845B4            mov [ebp-0x4c],al
00001607  65A114000000      mov eax,[gs:0x14]
0000160D  8945F4            mov [ebp-0xc],eax
00001610  31C0              xor eax,eax
00001612  C745B800000000    mov dword [ebp-0x48],0x0
00001619  C745BC00000000    mov dword [ebp-0x44],0x0
00001620  C745C241424344    mov dword [ebp-0x3e],0x44434241
00001627  C745C645464748    mov dword [ebp-0x3a],0x48474645
0000162E  C745CA494A4B4C    mov dword [ebp-0x36],0x4c4b4a49
00001635  C745CE4D4E4F50    mov dword [ebp-0x32],0x504f4e4d
0000163C  C745D251525354    mov dword [ebp-0x2e],0x54535251
00001643  C745D655565758    mov dword [ebp-0x2a],0x58575655
0000164A  C745DA595A3031    mov dword [ebp-0x26],0x31305a59
00001651  C745DE32333435    mov dword [ebp-0x22],0x35343332
00001658  C745E236373839    mov dword [ebp-0x1e],0x39383736
0000165F  C745E621232440    mov dword [ebp-0x1a],0x40242321
00001666  C745EA2628295E    mov dword [ebp-0x16],0x5e292826
0000166D  C745EE5F7E607B    mov dword [ebp-0x12],0x7b607e5f
00001674  66C745F27D00      mov word [ebp-0xe],0x7d
0000167A  EB1D              jmp short 0x1699
0000167C  8D55C2            lea edx,[ebp-0x3e]
0000167F  8B45BC            mov eax,[ebp-0x44]
00001682  01D0              add eax,edx
00001684  0FB600            movzx eax,byte [eax]
00001687  3845B4            cmp [ebp-0x4c],al
0000168A  7509              jnz 0x1695
0000168C  C745B801000000    mov dword [ebp-0x48],0x1
00001693  EB13              jmp short 0x16a8
00001695  8345BC01          add dword [ebp-0x44],byte +0x1
00001699  8D55C2            lea edx,[ebp-0x3e]
0000169C  8B45BC            mov eax,[ebp-0x44]
0000169F  01D0              add eax,edx
000016A1  0FB600            movzx eax,byte [eax]
000016A4  84C0              test al,al
000016A6  75D4              jnz 0x167c
000016A8  8B45B8            mov eax,[ebp-0x48]
000016AB  8B55F4            mov edx,[ebp-0xc]
000016AE  652B1514000000    sub edx,[dword gs:0x14]
000016B5  7405              jz 0x16bc
000016B7  E847F0FFFF        call 0x703
000016BC  C9                leave
000016BD  C3                ret
000016BE  55                push ebp
000016BF  89E5              mov ebp,esp
000016C1  83EC58            sub esp,byte +0x58
000016C4  E86F010000        call 0x1838
000016C9  052F250000        add eax,0x252f
000016CE  8B4508            mov eax,[ebp+0x8]
000016D1  8945B4            mov [ebp-0x4c],eax
000016D4  8B450C            mov eax,[ebp+0xc]
000016D7  8945B0            mov [ebp-0x50],eax
000016DA  65A114000000      mov eax,[gs:0x14]
000016E0  8945F4            mov [ebp-0xc],eax
000016E3  31C0              xor eax,eax
000016E5  66C745E10000      mov word [ebp-0x1f],0x0
000016EB  C645C700          mov byte [ebp-0x39],0x0
000016EF  FF75B0            push dword [ebp-0x50]
000016F2  E8CBF8FFFF        call 0xfc2
000016F7  83C404            add esp,byte +0x4
000016FA  8945C0            mov [ebp-0x40],eax
000016FD  C745B801000000    mov dword [ebp-0x48],0x1
00001704  C745BC00000000    mov dword [ebp-0x44],0x0
0000170B  8B45B0            mov eax,[ebp-0x50]
0000170E  0FB600            movzx eax,byte [eax]
00001711  3C2F              cmp al,0x2f
00001713  0F85D5000000      jnz near 0x17ee
00001719  8B55B0            mov edx,[ebp-0x50]
0000171C  8B45B8            mov eax,[ebp-0x48]
0000171F  01D0              add eax,edx
00001721  0FB600            movzx eax,byte [eax]
00001724  3C2F              cmp al,0x2f
00001726  742A              jz 0x1752
00001728  8B45B8            mov eax,[ebp-0x48]
0000172B  3B45C0            cmp eax,[ebp-0x40]
0000172E  7322              jnc 0x1752
00001730  8B55B0            mov edx,[ebp-0x50]
00001733  8B45B8            mov eax,[ebp-0x48]
00001736  01D0              add eax,edx
00001738  0FB600            movzx eax,byte [eax]
0000173B  8D4DE7            lea ecx,[ebp-0x19]
0000173E  8B55BC            mov edx,[ebp-0x44]
00001741  01CA              add edx,ecx
00001743  8802              mov [edx],al
00001745  8345B801          add dword [ebp-0x48],byte +0x1
00001749  8345BC01          add dword [ebp-0x44],byte +0x1
0000174D  E996000000        jmp 0x17e8
00001752  C745BC00000000    mov dword [ebp-0x44],0x0
00001759  8345B801          add dword [ebp-0x48],byte +0x1
0000175D  8D55C7            lea edx,[ebp-0x39]
00001760  83EC08            sub esp,byte +0x8
00001763  8D45E7            lea eax,[ebp-0x19]
00001766  50                push eax
00001767  83EC20            sub esp,byte +0x20
0000176A  89E0              mov eax,esp
0000176C  8B4DC7            mov ecx,[ebp-0x39]
0000176F  8908              mov [eax],ecx
00001771  8B4DCB            mov ecx,[ebp-0x35]
00001774  894804            mov [eax+0x4],ecx
00001777  8B4DCF            mov ecx,[ebp-0x31]
0000177A  894808            mov [eax+0x8],ecx
0000177D  8B4DD3            mov ecx,[ebp-0x2d]
00001780  89480C            mov [eax+0xc],ecx
00001783  8B4DD7            mov ecx,[ebp-0x29]
00001786  894810            mov [eax+0x10],ecx
00001789  8B4DDB            mov ecx,[ebp-0x25]
0000178C  894814            mov [eax+0x14],ecx
0000178F  8B4DDF            mov ecx,[ebp-0x21]
00001792  894818            mov [eax+0x18],ecx
00001795  8B4DE3            mov ecx,[ebp-0x1d]
00001798  89481C            mov [eax+0x1c],ecx
0000179B  52                push edx
0000179C  E832FAFFFF        call 0x11d3
000017A1  83C42C            add esp,byte +0x2c
000017A4  0FB645C7          movzx eax,byte [ebp-0x39]
000017A8  84C0              test al,al
000017AA  7534              jnz 0x17e0
000017AC  8B45B4            mov eax,[ebp-0x4c]
000017AF  8B55C7            mov edx,[ebp-0x39]
000017B2  8910              mov [eax],edx
000017B4  8B55CB            mov edx,[ebp-0x35]
000017B7  895004            mov [eax+0x4],edx
000017BA  8B55CF            mov edx,[ebp-0x31]
000017BD  895008            mov [eax+0x8],edx
000017C0  8B55D3            mov edx,[ebp-0x2d]
000017C3  89500C            mov [eax+0xc],edx
000017C6  8B55D7            mov edx,[ebp-0x29]
000017C9  895010            mov [eax+0x10],edx
000017CC  8B55DB            mov edx,[ebp-0x25]
000017CF  895014            mov [eax+0x14],edx
000017D2  8B55DF            mov edx,[ebp-0x21]
000017D5  895018            mov [eax+0x18],edx
000017D8  8B55E3            mov edx,[ebp-0x1d]
000017DB  89501C            mov [eax+0x1c],edx
000017DE  EB40              jmp short 0x1820
000017E0  8B45B8            mov eax,[ebp-0x48]
000017E3  3B45C0            cmp eax,[ebp-0x40]
000017E6  7305              jnc 0x17ed
000017E8  E92CFFFFFF        jmp 0x1719
000017ED  90                nop
000017EE  8B45B4            mov eax,[ebp-0x4c]
000017F1  8B55C7            mov edx,[ebp-0x39]
000017F4  8910              mov [eax],edx
000017F6  8B55CB            mov edx,[ebp-0x35]
000017F9  895004            mov [eax+0x4],edx
000017FC  8B55CF            mov edx,[ebp-0x31]
000017FF  895008            mov [eax+0x8],edx
00001802  8B55D3            mov edx,[ebp-0x2d]
00001805  89500C            mov [eax+0xc],edx
00001808  8B55D7            mov edx,[ebp-0x29]
0000180B  895010            mov [eax+0x10],edx
0000180E  8B55DB            mov edx,[ebp-0x25]
00001811  895014            mov [eax+0x14],edx
00001814  8B55DF            mov edx,[ebp-0x21]
00001817  895018            mov [eax+0x18],edx
0000181A  8B55E3            mov edx,[ebp-0x1d]
0000181D  89501C            mov [eax+0x1c],edx
00001820  8B45F4            mov eax,[ebp-0xc]
00001823  652B0514000000    sub eax,[dword gs:0x14]
0000182A  7405              jz 0x1831
0000182C  E8D2EEFFFF        call 0x703
00001831  8B45B4            mov eax,[ebp-0x4c]
00001834  C9                leave
00001835  C20400            ret 0x4
00001838  8B0424            mov eax,[esp]
0000183B  C3                ret
0000183C  8B1424            mov edx,[esp]
0000183F  C3                ret
00001840  8B1C24            mov ebx,[esp]
00001843  C3                ret
00001844  0000              add [eax],al
00001846  0000              add [eax],al
00001848  0000              add [eax],al
0000184A  0000              add [eax],al
0000184C  0000              add [eax],al
0000184E  0000              add [eax],al
00001850  0000              add [eax],al
00001852  0000              add [eax],al
00001854  0000              add [eax],al
00001856  0000              add [eax],al
00001858  0000              add [eax],al
0000185A  0000              add [eax],al
0000185C  0000              add [eax],al
0000185E  0000              add [eax],al
00001860  0000              add [eax],al
00001862  0000              add [eax],al
00001864  0000              add [eax],al
00001866  0000              add [eax],al
00001868  0000              add [eax],al
0000186A  0000              add [eax],al
0000186C  0000              add [eax],al
0000186E  0000              add [eax],al
00001870  0000              add [eax],al
00001872  0000              add [eax],al
00001874  0000              add [eax],al
00001876  0000              add [eax],al
00001878  0000              add [eax],al
0000187A  0000              add [eax],al
0000187C  0000              add [eax],al
0000187E  0000              add [eax],al
00001880  0000              add [eax],al
00001882  0000              add [eax],al
00001884  0000              add [eax],al
00001886  0000              add [eax],al
00001888  0000              add [eax],al
0000188A  0000              add [eax],al
0000188C  0000              add [eax],al
0000188E  0000              add [eax],al
00001890  0000              add [eax],al
00001892  0000              add [eax],al
00001894  0000              add [eax],al
00001896  0000              add [eax],al
00001898  0000              add [eax],al
0000189A  0000              add [eax],al
0000189C  0000              add [eax],al
0000189E  0000              add [eax],al
000018A0  0000              add [eax],al
000018A2  0000              add [eax],al
000018A4  0000              add [eax],al
000018A6  0000              add [eax],al
000018A8  0000              add [eax],al
000018AA  0000              add [eax],al
000018AC  0000              add [eax],al
000018AE  0000              add [eax],al
000018B0  0000              add [eax],al
000018B2  0000              add [eax],al
000018B4  0000              add [eax],al
000018B6  0000              add [eax],al
000018B8  0000              add [eax],al
000018BA  0000              add [eax],al
000018BC  0000              add [eax],al
000018BE  0000              add [eax],al
000018C0  0000              add [eax],al
000018C2  0000              add [eax],al
000018C4  0000              add [eax],al
000018C6  0000              add [eax],al
000018C8  0000              add [eax],al
000018CA  0000              add [eax],al
000018CC  0000              add [eax],al
000018CE  0000              add [eax],al
000018D0  0000              add [eax],al
000018D2  0000              add [eax],al
000018D4  0000              add [eax],al
000018D6  0000              add [eax],al
000018D8  0000              add [eax],al
000018DA  0000              add [eax],al
000018DC  0000              add [eax],al
000018DE  0000              add [eax],al
000018E0  0000              add [eax],al
000018E2  0000              add [eax],al
000018E4  0000              add [eax],al
000018E6  0000              add [eax],al
000018E8  0000              add [eax],al
000018EA  0000              add [eax],al
000018EC  0000              add [eax],al
000018EE  0000              add [eax],al
000018F0  0000              add [eax],al
000018F2  0000              add [eax],al
000018F4  0000              add [eax],al
000018F6  0000              add [eax],al
000018F8  0000              add [eax],al
000018FA  0000              add [eax],al
000018FC  0000              add [eax],al
000018FE  0000              add [eax],al
00001900  0000              add [eax],al
00001902  0000              add [eax],al
00001904  0000              add [eax],al
00001906  0000              add [eax],al
00001908  0000              add [eax],al
0000190A  0000              add [eax],al
0000190C  0000              add [eax],al
0000190E  0000              add [eax],al
00001910  0000              add [eax],al
00001912  0000              add [eax],al
00001914  0000              add [eax],al
00001916  0000              add [eax],al
00001918  0000              add [eax],al
0000191A  0000              add [eax],al
0000191C  0000              add [eax],al
0000191E  0000              add [eax],al
00001920  0000              add [eax],al
00001922  0000              add [eax],al
00001924  0000              add [eax],al
00001926  0000              add [eax],al
00001928  0000              add [eax],al
0000192A  0000              add [eax],al
0000192C  0000              add [eax],al
0000192E  0000              add [eax],al
00001930  0000              add [eax],al
00001932  0000              add [eax],al
00001934  0000              add [eax],al
00001936  0000              add [eax],al
00001938  0000              add [eax],al
0000193A  0000              add [eax],al
0000193C  0000              add [eax],al
0000193E  0000              add [eax],al
00001940  0000              add [eax],al
00001942  0000              add [eax],al
00001944  0000              add [eax],al
00001946  0000              add [eax],al
00001948  0000              add [eax],al
0000194A  0000              add [eax],al
0000194C  0000              add [eax],al
0000194E  0000              add [eax],al
00001950  0000              add [eax],al
00001952  0000              add [eax],al
00001954  0000              add [eax],al
00001956  0000              add [eax],al
00001958  0000              add [eax],al
0000195A  0000              add [eax],al
0000195C  0000              add [eax],al
0000195E  0000              add [eax],al
00001960  0000              add [eax],al
00001962  0000              add [eax],al
00001964  0000              add [eax],al
00001966  0000              add [eax],al
00001968  0000              add [eax],al
0000196A  0000              add [eax],al
0000196C  0000              add [eax],al
0000196E  0000              add [eax],al
00001970  0000              add [eax],al
00001972  0000              add [eax],al
00001974  0000              add [eax],al
00001976  0000              add [eax],al
00001978  0000              add [eax],al
0000197A  0000              add [eax],al
0000197C  0000              add [eax],al
0000197E  0000              add [eax],al
00001980  0000              add [eax],al
00001982  0000              add [eax],al
00001984  0000              add [eax],al
00001986  0000              add [eax],al
00001988  0000              add [eax],al
0000198A  0000              add [eax],al
0000198C  0000              add [eax],al
0000198E  0000              add [eax],al
00001990  0000              add [eax],al
00001992  0000              add [eax],al
00001994  0000              add [eax],al
00001996  0000              add [eax],al
00001998  0000              add [eax],al
0000199A  0000              add [eax],al
0000199C  0000              add [eax],al
0000199E  0000              add [eax],al
000019A0  0000              add [eax],al
000019A2  0000              add [eax],al
000019A4  0000              add [eax],al
000019A6  0000              add [eax],al
000019A8  0000              add [eax],al
000019AA  0000              add [eax],al
000019AC  0000              add [eax],al
000019AE  0000              add [eax],al
000019B0  0000              add [eax],al
000019B2  0000              add [eax],al
000019B4  0000              add [eax],al
000019B6  0000              add [eax],al
000019B8  0000              add [eax],al
000019BA  0000              add [eax],al
000019BC  0000              add [eax],al
000019BE  0000              add [eax],al
000019C0  0000              add [eax],al
000019C2  0000              add [eax],al
000019C4  0000              add [eax],al
000019C6  0000              add [eax],al
000019C8  0000              add [eax],al
000019CA  0000              add [eax],al
000019CC  0000              add [eax],al
000019CE  0000              add [eax],al
000019D0  0000              add [eax],al
000019D2  0000              add [eax],al
000019D4  0000              add [eax],al
000019D6  0000              add [eax],al
000019D8  0000              add [eax],al
000019DA  0000              add [eax],al
000019DC  0000              add [eax],al
000019DE  0000              add [eax],al
000019E0  0000              add [eax],al
000019E2  0000              add [eax],al
000019E4  0000              add [eax],al
000019E6  0000              add [eax],al
000019E8  0000              add [eax],al
000019EA  0000              add [eax],al
000019EC  0000              add [eax],al
000019EE  0000              add [eax],al
000019F0  0000              add [eax],al
000019F2  0000              add [eax],al
000019F4  0000              add [eax],al
000019F6  0000              add [eax],al
000019F8  0000              add [eax],al
000019FA  0000              add [eax],al
000019FC  0000              add [eax],al
000019FE  0000              add [eax],al
00001A00  0000              add [eax],al
00001A02  0000              add [eax],al
00001A04  0000              add [eax],al
00001A06  0000              add [eax],al
00001A08  0000              add [eax],al
00001A0A  0000              add [eax],al
00001A0C  0000              add [eax],al
00001A0E  0000              add [eax],al
00001A10  0000              add [eax],al
00001A12  0000              add [eax],al
00001A14  0000              add [eax],al
00001A16  0000              add [eax],al
00001A18  0000              add [eax],al
00001A1A  0000              add [eax],al
00001A1C  0000              add [eax],al
00001A1E  0000              add [eax],al
00001A20  0000              add [eax],al
00001A22  0000              add [eax],al
00001A24  0000              add [eax],al
00001A26  0000              add [eax],al
00001A28  0000              add [eax],al
00001A2A  0000              add [eax],al
00001A2C  0000              add [eax],al
00001A2E  0000              add [eax],al
00001A30  0000              add [eax],al
00001A32  0000              add [eax],al
00001A34  0000              add [eax],al
00001A36  0000              add [eax],al
00001A38  0000              add [eax],al
00001A3A  0000              add [eax],al
00001A3C  0000              add [eax],al
00001A3E  0000              add [eax],al
00001A40  0000              add [eax],al
00001A42  0000              add [eax],al
00001A44  0000              add [eax],al
00001A46  0000              add [eax],al
00001A48  0000              add [eax],al
00001A4A  0000              add [eax],al
00001A4C  0000              add [eax],al
00001A4E  0000              add [eax],al
00001A50  0000              add [eax],al
00001A52  0000              add [eax],al
00001A54  0000              add [eax],al
00001A56  0000              add [eax],al
00001A58  0000              add [eax],al
00001A5A  0000              add [eax],al
00001A5C  0000              add [eax],al
00001A5E  0000              add [eax],al
00001A60  0000              add [eax],al
00001A62  0000              add [eax],al
00001A64  0000              add [eax],al
00001A66  0000              add [eax],al
00001A68  0000              add [eax],al
00001A6A  0000              add [eax],al
00001A6C  0000              add [eax],al
00001A6E  0000              add [eax],al
00001A70  0000              add [eax],al
00001A72  0000              add [eax],al
00001A74  0000              add [eax],al
00001A76  0000              add [eax],al
00001A78  0000              add [eax],al
00001A7A  0000              add [eax],al
00001A7C  0000              add [eax],al
00001A7E  0000              add [eax],al
00001A80  0000              add [eax],al
00001A82  0000              add [eax],al
00001A84  0000              add [eax],al
00001A86  0000              add [eax],al
00001A88  0000              add [eax],al
00001A8A  0000              add [eax],al
00001A8C  0000              add [eax],al
00001A8E  0000              add [eax],al
00001A90  0000              add [eax],al
00001A92  0000              add [eax],al
00001A94  0000              add [eax],al
00001A96  0000              add [eax],al
00001A98  0000              add [eax],al
00001A9A  0000              add [eax],al
00001A9C  0000              add [eax],al
00001A9E  0000              add [eax],al
00001AA0  0000              add [eax],al
00001AA2  0000              add [eax],al
00001AA4  0000              add [eax],al
00001AA6  0000              add [eax],al
00001AA8  0000              add [eax],al
00001AAA  0000              add [eax],al
00001AAC  0000              add [eax],al
00001AAE  0000              add [eax],al
00001AB0  0000              add [eax],al
00001AB2  0000              add [eax],al
00001AB4  0000              add [eax],al
00001AB6  0000              add [eax],al
00001AB8  0000              add [eax],al
00001ABA  0000              add [eax],al
00001ABC  0000              add [eax],al
00001ABE  0000              add [eax],al
00001AC0  0000              add [eax],al
00001AC2  0000              add [eax],al
00001AC4  0000              add [eax],al
00001AC6  0000              add [eax],al
00001AC8  0000              add [eax],al
00001ACA  0000              add [eax],al
00001ACC  0000              add [eax],al
00001ACE  0000              add [eax],al
00001AD0  0000              add [eax],al
00001AD2  0000              add [eax],al
00001AD4  0000              add [eax],al
00001AD6  0000              add [eax],al
00001AD8  0000              add [eax],al
00001ADA  0000              add [eax],al
00001ADC  0000              add [eax],al
00001ADE  0000              add [eax],al
00001AE0  0000              add [eax],al
00001AE2  0000              add [eax],al
00001AE4  0000              add [eax],al
00001AE6  0000              add [eax],al
00001AE8  0000              add [eax],al
00001AEA  0000              add [eax],al
00001AEC  0000              add [eax],al
00001AEE  0000              add [eax],al
00001AF0  0000              add [eax],al
00001AF2  0000              add [eax],al
00001AF4  0000              add [eax],al
00001AF6  0000              add [eax],al
00001AF8  0000              add [eax],al
00001AFA  0000              add [eax],al
00001AFC  0000              add [eax],al
00001AFE  0000              add [eax],al
00001B00  0000              add [eax],al
00001B02  0000              add [eax],al
00001B04  0000              add [eax],al
00001B06  0000              add [eax],al
00001B08  0000              add [eax],al
00001B0A  0000              add [eax],al
00001B0C  0000              add [eax],al
00001B0E  0000              add [eax],al
00001B10  0000              add [eax],al
00001B12  0000              add [eax],al
00001B14  0000              add [eax],al
00001B16  0000              add [eax],al
00001B18  0000              add [eax],al
00001B1A  0000              add [eax],al
00001B1C  0000              add [eax],al
00001B1E  0000              add [eax],al
00001B20  0000              add [eax],al
00001B22  0000              add [eax],al
00001B24  0000              add [eax],al
00001B26  0000              add [eax],al
00001B28  0000              add [eax],al
00001B2A  0000              add [eax],al
00001B2C  0000              add [eax],al
00001B2E  0000              add [eax],al
00001B30  0000              add [eax],al
00001B32  0000              add [eax],al
00001B34  0000              add [eax],al
00001B36  0000              add [eax],al
00001B38  0000              add [eax],al
00001B3A  0000              add [eax],al
00001B3C  0000              add [eax],al
00001B3E  0000              add [eax],al
00001B40  0000              add [eax],al
00001B42  0000              add [eax],al
00001B44  0000              add [eax],al
00001B46  0000              add [eax],al
00001B48  0000              add [eax],al
00001B4A  0000              add [eax],al
00001B4C  0000              add [eax],al
00001B4E  0000              add [eax],al
00001B50  0000              add [eax],al
00001B52  0000              add [eax],al
00001B54  0000              add [eax],al
00001B56  0000              add [eax],al
00001B58  0000              add [eax],al
00001B5A  0000              add [eax],al
00001B5C  0000              add [eax],al
00001B5E  0000              add [eax],al
00001B60  0000              add [eax],al
00001B62  0000              add [eax],al
00001B64  0000              add [eax],al
00001B66  0000              add [eax],al
00001B68  0000              add [eax],al
00001B6A  0000              add [eax],al
00001B6C  0000              add [eax],al
00001B6E  0000              add [eax],al
00001B70  0000              add [eax],al
00001B72  0000              add [eax],al
00001B74  0000              add [eax],al
00001B76  0000              add [eax],al
00001B78  0000              add [eax],al
00001B7A  0000              add [eax],al
00001B7C  0000              add [eax],al
00001B7E  0000              add [eax],al
00001B80  0000              add [eax],al
00001B82  0000              add [eax],al
00001B84  0000              add [eax],al
00001B86  0000              add [eax],al
00001B88  0000              add [eax],al
00001B8A  0000              add [eax],al
00001B8C  0000              add [eax],al
00001B8E  0000              add [eax],al
00001B90  0000              add [eax],al
00001B92  0000              add [eax],al
00001B94  0000              add [eax],al
00001B96  0000              add [eax],al
00001B98  0000              add [eax],al
00001B9A  0000              add [eax],al
00001B9C  0000              add [eax],al
00001B9E  0000              add [eax],al
00001BA0  0000              add [eax],al
00001BA2  0000              add [eax],al
00001BA4  0000              add [eax],al
00001BA6  0000              add [eax],al
00001BA8  0000              add [eax],al
00001BAA  0000              add [eax],al
00001BAC  0000              add [eax],al
00001BAE  0000              add [eax],al
00001BB0  0000              add [eax],al
00001BB2  0000              add [eax],al
00001BB4  0000              add [eax],al
00001BB6  0000              add [eax],al
00001BB8  0000              add [eax],al
00001BBA  0000              add [eax],al
00001BBC  0000              add [eax],al
00001BBE  0000              add [eax],al
00001BC0  0000              add [eax],al
00001BC2  0000              add [eax],al
00001BC4  0000              add [eax],al
00001BC6  0000              add [eax],al
00001BC8  0000              add [eax],al
00001BCA  0000              add [eax],al
00001BCC  0000              add [eax],al
00001BCE  0000              add [eax],al
00001BD0  0000              add [eax],al
00001BD2  0000              add [eax],al
00001BD4  0000              add [eax],al
00001BD6  0000              add [eax],al
00001BD8  0000              add [eax],al
00001BDA  0000              add [eax],al
00001BDC  0000              add [eax],al
00001BDE  0000              add [eax],al
00001BE0  0000              add [eax],al
00001BE2  0000              add [eax],al
00001BE4  0000              add [eax],al
00001BE6  0000              add [eax],al
00001BE8  0000              add [eax],al
00001BEA  0000              add [eax],al
00001BEC  0000              add [eax],al
00001BEE  0000              add [eax],al
00001BF0  0000              add [eax],al
00001BF2  0000              add [eax],al
00001BF4  0000              add [eax],al
00001BF6  0000              add [eax],al
00001BF8  0000              add [eax],al
00001BFA  1000              adc [eax],al
00001BFC  0000              add [eax],al
00001BFE  2000              and [eax],al
00001C00  0001              add [ecx],al
00001C02  1000              adc [eax],al
00001C04  000510000005      add [dword 0x5000010],al
00001C0A  1200              adc al,[eax]
00001C0C  000514000000      add [dword 0x14],al
00001C12  40                inc eax
00001C13  006D79            add [ebp+0x79],ch
00001C16  4F                dec edi
00001C17  53                push ebx
00001C18  2032              and [edx],dh
00001C1A  3032              xor [edx],dh
00001C1C  3520333220        xor eax,0x20323320
00001C21  626974            bound ebp,[ecx+0x74]
00001C24  207630            and [esi+0x30],dh
00001C27  2E3031            xor [cs:ecx],dh
00001C2A  0020              add [eax],ah
00001C2C  4D                dec ebp
00001C2D  6220              bound esp,[eax]
00001C2F  6F                outsd
00001C30  66205241          o16 and [edx+0x41],dl
00001C34  4D                dec ebp
00001C35  204176            and [ecx+0x76],al
00001C38  61                popa
00001C39  696C61626C650023  imul ebp,[ecx+0x62],dword 0x2300656c
00001C41  005061            add [eax+0x61],dl
00001C44  7274              jc 0x1cba
00001C46  6974696F6E203020  imul esi,[ecx+ebp*2+0x6f],dword 0x2030206e
00001C4E  7374              jnc 0x1cc4
00001C50  61                popa
00001C51  7274              jc 0x1cc7
00001C53  733A              jnc 0x1c8f
00001C55  2000              and [eax],al
00001C57  50                push eax
00001C58  61                popa
00001C59  7274              jc 0x1ccf
00001C5B  6974696F6E203020  imul esi,[ecx+ebp*2+0x6f],dword 0x2030206e
00001C63  7365              jnc 0x1cca
00001C65  63746F72          arpl [edi+ebp*2+0x72],si
00001C69  733A              jnc 0x1ca5
00001C6B  2000              and [eax],al
00001C6D  0000              add [eax],al
00001C6F  004E75            add [esi+0x75],cl
00001C72  6D                insd
00001C73  626572            bound esp,[ebp+0x72]
00001C76  206F66            and [edi+0x66],ch
00001C79  207365            and [ebx+0x65],dh
00001C7C  63746F72          arpl [edi+ebp*2+0x72],si
00001C80  7320              jnc 0x1ca2
00001C82  696E20436C7573    imul ebp,[esi+0x20],dword 0x73756c43
00001C89  7465              jz 0x1cf0
00001C8B  723A              jc 0x1cc7
00001C8D  2000              and [eax],al
00001C8F  0A00              or al,[eax]
00001C91  0000              add [eax],al
00001C93  001400            add [eax+eax],dl
00001C96  0000              add [eax],al
00001C98  0000              add [eax],al
00001C9A  0000              add [eax],al
00001C9C  017A52            add [edx+0x52],edi
00001C9F  0001              add [ecx],al
00001CA1  7C08              jl 0x1cab
00001CA3  011B              add [ebx],ebx
00001CA5  0C04              or al,0x4
00001CA7  0488              add al,0x88
00001CA9  0100              add [eax],eax
00001CAB  0020              add [eax],ah
00001CAD  0000              add [eax],al
00001CAF  001C00            add [eax+eax],bl
00001CB2  0000              add [eax],al
00001CB4  4C                dec esp
00001CB5  E3FF              jecxz 0x1cb6
00001CB7  FF6003            jmp [eax+0x3]
00001CBA  0000              add [eax],al
00001CBC  00410E            add [ecx+0xe],al
00001CBF  088502420D05      or [ebp+0x50d4202],al
00001CC5  47                inc edi
00001CC6  830303            add dword [ebx],byte +0x3
00001CC9  55                push ebp
00001CCA  03C5              add eax,ebp
00001CCC  C3                ret
00001CCD  0C04              or al,0x4
00001CCF  0428              add al,0x28
00001CD1  0000              add [eax],al
00001CD3  004000            add [eax+0x0],al
00001CD6  0000              add [eax],al
00001CD8  88E6              mov dh,ah
00001CDA  FF                db 0xff
00001CDB  FFD2              call edx
00001CDD  0100              add [eax],eax
00001CDF  0000              add [eax],al
00001CE1  41                inc ecx
00001CE2  0E                push cs
00001CE3  088502420D05      or [ebp+0x50d4202],al
00001CE9  45                inc ebp
00001CEA  8603              xchg al,[ebx]
00001CEC  830403C7          add dword [ebx+eax],byte -0x39
00001CF0  01C3              add ebx,eax
00001CF2  41                inc ecx
00001CF3  C641C50C          mov byte [ecx-0x3b],0xc
00001CF7  0404              add al,0x4
00001CF9  0000              add [eax],al
00001CFB  0020              add [eax],ah
00001CFD  0000              add [eax],al
00001CFF  006C0000          add [eax+eax+0x0],ch
00001D03  002E              add [esi],ch
00001D05  E8FFFF3800        call 0x391d09
00001D0A  0000              add [eax],al
00001D0C  00410E            add [ecx+0xe],al
00001D0F  088502420D05      or [ebp+0x50d4202],al
00001D15  44                inc esp
00001D16  830370            add dword [ebx],byte +0x70
00001D19  C5                db 0xc5
00001D1A  C3                ret
00001D1B  0C04              or al,0x4
00001D1D  0400              add al,0x0
00001D1F  001C00            add [eax+eax],bl
00001D22  0000              add [eax],al
00001D24  90                nop
00001D25  0000              add [eax],al
00001D27  0042E8            add [edx-0x18],al
00001D2A  FF                db 0xff
00001D2B  FF6300            jmp [ebx+0x0]
00001D2E  0000              add [eax],al
00001D30  00410E            add [ecx+0xe],al
00001D33  088502420D05      or [ebp+0x50d4202],al
00001D39  025FC5            add bl,[edi-0x3b]
00001D3C  0C04              or al,0x4
00001D3E  0400              add al,0x0
00001D40  1C00              sbb al,0x0
00001D42  0000              add [eax],al
00001D44  B000              mov al,0x0
00001D46  0000              add [eax],al
00001D48  85E8              test eax,ebp
00001D4A  FF                db 0xff
00001D4B  FF5300            call [ebx+0x0]
00001D4E  0000              add [eax],al
00001D50  00410E            add [ecx+0xe],al
00001D53  088502420D05      or [ebp+0x50d4202],al
00001D59  024FC5            add cl,[edi-0x3b]
00001D5C  0C04              or al,0x4
00001D5E  0400              add al,0x0
00001D60  1C00              sbb al,0x0
00001D62  0000              add [eax],al
00001D64  D000              rol byte [eax],1
00001D66  0000              add [eax],al
00001D68  B8E8FFFFE3        mov eax,0xe3ffffe8
00001D6D  0000              add [eax],al
00001D6F  0000              add [eax],al
00001D71  41                inc ecx
00001D72  0E                push cs
00001D73  088502420D05      or [ebp+0x50d4202],al
00001D79  02DF              add bl,bh
00001D7B  C50C04            lds ecx,[esp+eax]
00001D7E  0400              add al,0x0
00001D80  1C00              sbb al,0x0
00001D82  0000              add [eax],al
00001D84  F00000            lock add [eax],al
00001D87  007BE9            add [ebx-0x17],bh
00001D8A  FF                db 0xff
00001D8B  FF10              call [eax]
00001D8D  0000              add [eax],al
00001D8F  0000              add [eax],al
00001D91  41                inc ecx
00001D92  0E                push cs
00001D93  088502420D05      or [ebp+0x50d4202],al
00001D99  4C                dec esp
00001D9A  C50C04            lds ecx,[esp+eax]
00001D9D  0400              add al,0x0
00001D9F  001C00            add [eax+eax],bl
00001DA2  0000              add [eax],al
00001DA4  1001              adc [ecx],al
00001DA6  0000              add [eax],al
00001DA8  6BE9FF            imul ebp,ecx,byte -0x1
00001DAB  FF9F00000000      call far [edi+0x0]
00001DB1  41                inc ecx
00001DB2  0E                push cs
00001DB3  088502420D05      or [ebp+0x50d4202],al
00001DB9  029BC50C0404      add bl,[ebx+0x4040cc5]
00001DBF  001C00            add [eax+eax],bl
00001DC2  0000              add [eax],al
00001DC4  3001              xor [ecx],al
00001DC6  0000              add [eax],al
00001DC8  EAE9FFFF1F0000    jmp 0x0:0x1fffffe9
00001DCF  0000              add [eax],al
00001DD1  41                inc ecx
00001DD2  0E                push cs
00001DD3  088502420D05      or [ebp+0x50d4202],al
00001DD9  5B                pop ebx
00001DDA  C50C04            lds ecx,[esp+eax]
00001DDD  0400              add al,0x0
00001DDF  001C00            add [eax+eax],bl
00001DE2  0000              add [eax],al
00001DE4  50                push eax
00001DE5  0100              add [eax],eax
00001DE7  00E9              add cl,ch
00001DE9  E9FFFF3000        jmp 0x311ded
00001DEE  0000              add [eax],al
00001DF0  00410E            add [ecx+0xe],al
00001DF3  088502420D05      or [ebp+0x50d4202],al
00001DF9  6C                insb
00001DFA  C50C04            lds ecx,[esp+eax]
00001DFD  0400              add al,0x0
00001DFF  001C00            add [eax+eax],bl
00001E02  0000              add [eax],al
00001E04  7001              jo 0x1e07
00001E06  0000              add [eax],al
00001E08  F9                stc
00001E09  E9FFFF4F00        jmp 0x501e0d
00001E0E  0000              add [eax],al
00001E10  00410E            add [ecx+0xe],al
00001E13  088502420D05      or [ebp+0x50d4202],al
00001E19  024BC5            add cl,[ebx-0x3b]
00001E1C  0C04              or al,0x4
00001E1E  0400              add al,0x0
00001E20  1C00              sbb al,0x0
00001E22  0000              add [eax],al
00001E24  90                nop
00001E25  0100              add [eax],eax
00001E27  0028              add [eax],ch
00001E29  EAFFFFB5000000    jmp 0x0:0xb5ffff
00001E30  00410E            add [ecx+0xe],al
00001E33  088502420D05      or [ebp+0x50d4202],al
00001E39  02B1C50C0404      add dh,[ecx+0x4040cc5]
00001E3F  002400            add [eax+eax],ah
00001E42  0000              add [eax],al
00001E44  B001              mov al,0x1
00001E46  0000              add [eax],al
00001E48  BDEAFFFF55        mov ebp,0x55ffffea
00001E4D  0000              add [eax],al
00001E4F  0000              add [eax],al
00001E51  41                inc ecx
00001E52  0E                push cs
00001E53  088502420D05      or [ebp+0x50d4202],al
00001E59  45                inc ebp
00001E5A  8603              xchg al,[ebx]
00001E5C  8304024A          add dword [edx+eax],byte +0x4a
00001E60  C3                ret
00001E61  41                inc ecx
00001E62  C641C50C          mov byte [ecx-0x3b],0xc
00001E66  0404              add al,0x4
00001E68  2000              and [eax],al
00001E6A  0000              add [eax],al
00001E6C  D801              fadd dword [ecx]
00001E6E  0000              add [eax],al
00001E70  EAEAFFFF410000    jmp 0x0:0x41ffffea
00001E77  0000              add [eax],al
00001E79  41                inc ecx
00001E7A  0E                push cs
00001E7B  088502420D05      or [ebp+0x50d4202],al
00001E81  44                inc esp
00001E82  830379            add dword [ebx],byte +0x79
00001E85  C5                db 0xc5
00001E86  C3                ret
00001E87  0C04              or al,0x4
00001E89  0400              add al,0x0
00001E8B  001C00            add [eax+eax],bl
00001E8E  0000              add [eax],al
00001E90  FC                cld
00001E91  0100              add [eax],eax
00001E93  0007              add [edi],al
00001E95  EBFF              jmp short 0x1e96
00001E97  FF5000            call [eax+0x0]
00001E9A  0000              add [eax],al
00001E9C  00410E            add [ecx+0xe],al
00001E9F  088502420D05      or [ebp+0x50d4202],al
00001EA5  024CC50C          add cl,[ebp+eax*8+0xc]
00001EA9  0404              add al,0x4
00001EAB  0020              add [eax],ah
00001EAD  0000              add [eax],al
00001EAF  001C02            add [edx+eax],bl
00001EB2  0000              add [eax],al
00001EB4  37                aaa
00001EB5  EBFF              jmp short 0x1eb6
00001EB7  FF8F00000000      dec dword [edi+0x0]
00001EBD  41                inc ecx
00001EBE  0E                push cs
00001EBF  088502420D05      or [ebp+0x50d4202],al
00001EC5  44                inc esp
00001EC6  830302            add dword [ebx],byte +0x2
00001EC9  87C5              xchg eax,ebp
00001ECB  C3                ret
00001ECC  0C04              or al,0x4
00001ECE  0400              add al,0x0
00001ED0  2000              and [eax],al
00001ED2  0000              add [eax],al
00001ED4  40                inc eax
00001ED5  0200              add al,[eax]
00001ED7  00A2EBFFFFAD      add [edx-0x52000015],ah
00001EDD  0000              add [eax],al
00001EDF  0000              add [eax],al
00001EE1  41                inc ecx
00001EE2  0E                push cs
00001EE3  088502420D05      or [ebp+0x50d4202],al
00001EE9  44                inc esp
00001EEA  830302            add dword [ebx],byte +0x2
00001EED  A5                movsd
00001EEE  C5                db 0xc5
00001EEF  C3                ret
00001EF0  0C04              or al,0x4
00001EF2  0400              add al,0x0
00001EF4  2000              and [eax],al
00001EF6  0000              add [eax],al
00001EF8  640200            add al,[fs:eax]
00001EFB  002B              add [ebx],ch
00001EFD  EC                in al,dx
00001EFE  FF                db 0xff
00001EFF  FF                db 0xff
00001F00  FF00              inc dword [eax]
00001F02  0000              add [eax],al
00001F04  00410E            add [ecx+0xe],al
00001F07  088502420D05      or [ebp+0x50d4202],al
00001F0D  44                inc esp
00001F0E  830302            add dword [ebx],byte +0x2
00001F11  F7C5C30C0404      test ebp,0x4040cc3
00001F17  0020              add [eax],ah
00001F19  0000              add [eax],al
00001F1B  008802000006      add [eax+0x6000002],cl
00001F21  ED                in eax,dx
00001F22  FF                db 0xff
00001F23  FF                db 0xff
00001F24  7C00              jl 0x1f26
00001F26  0000              add [eax],al
00001F28  00410E            add [ecx+0xe],al
00001F2B  088502420D05      or [ebp+0x50d4202],al
00001F31  44                inc esp
00001F32  830302            add dword [ebx],byte +0x2
00001F35  74C5              jz 0x1efc
00001F37  C3                ret
00001F38  0C04              or al,0x4
00001F3A  0400              add al,0x0
00001F3C  2400              and al,0x0
00001F3E  0000              add [eax],al
00001F40  AC                lodsb
00001F41  0200              add al,[eax]
00001F43  005EED            add [esi-0x13],bl
00001F46  FF                db 0xff
00001F47  FF                db 0xff
00001F48  7800              js 0x1f4a
00001F4A  0000              add [eax],al
00001F4C  00410E            add [ecx+0xe],al
00001F4F  088502420D05      or [ebp+0x50d4202],al
00001F55  45                inc ebp
00001F56  8603              xchg al,[ebx]
00001F58  8304026D          add dword [edx+eax],byte +0x6d
00001F5C  C3                ret
00001F5D  41                inc ecx
00001F5E  C641C50C          mov byte [ecx-0x3b],0xc
00001F62  0404              add al,0x4
00001F64  1C00              sbb al,0x0
00001F66  0000              add [eax],al
00001F68  D402              aam 0x2
00001F6A  0000              add [eax],al
00001F6C  AE                scasb
00001F6D  ED                in eax,dx
00001F6E  FF                db 0xff
00001F6F  FFCD              dec ebp
00001F71  0000              add [eax],al
00001F73  0000              add [eax],al
00001F75  41                inc ecx
00001F76  0E                push cs
00001F77  088502420D05      or [ebp+0x50d4202],al
00001F7D  02C9              add cl,cl
00001F7F  C50C04            lds ecx,[esp+eax]
00001F82  0400              add al,0x0
00001F84  1C00              sbb al,0x0
00001F86  0000              add [eax],al
00001F88  F4                hlt
00001F89  0200              add al,[eax]
00001F8B  005BEE            add [ebx-0x12],bl
00001F8E  FF                db 0xff
00001F8F  FF5700            call [edi+0x0]
00001F92  0000              add [eax],al
00001F94  00410E            add [ecx+0xe],al
00001F97  088502420D05      or [ebp+0x50d4202],al
00001F9D  0253C5            add dl,[ebx-0x3b]
00001FA0  0C04              or al,0x4
00001FA2  0400              add al,0x0
00001FA4  2400              and al,0x0
00001FA6  0000              add [eax],al
00001FA8  1403              adc al,0x3
00001FAA  0000              add [eax],al
00001FAC  92                xchg eax,edx
00001FAD  EE                out dx,al
00001FAE  FF                db 0xff
00001FAF  FF                db 0xff
00001FB0  7B00              jpo 0x1fb2
00001FB2  0000              add [eax],al
00001FB4  00410E            add [ecx+0xe],al
00001FB7  088502420D05      or [ebp+0x50d4202],al
00001FBD  45                inc ebp
00001FBE  8603              xchg al,[ebx]
00001FC0  83040270          add dword [edx+eax],byte +0x70
00001FC4  C3                ret
00001FC5  41                inc ecx
00001FC6  C641C50C          mov byte [ecx-0x3b],0xc
00001FCA  0404              add al,0x4
00001FCC  1C00              sbb al,0x0
00001FCE  0000              add [eax],al
00001FD0  3C03              cmp al,0x3
00001FD2  0000              add [eax],al
00001FD4  E5EE              in eax,0xee
00001FD6  FF                db 0xff
00001FD7  FF2500000000      jmp [dword 0x0]
00001FDD  41                inc ecx
00001FDE  0E                push cs
00001FDF  088502420D05      or [ebp+0x50d4202],al
00001FE5  61                popa
00001FE6  C50C04            lds ecx,[esp+eax]
00001FE9  0400              add al,0x0
00001FEB  0020              add [eax],ah
00001FED  0000              add [eax],al
00001FEF  005C0300          add [ebx+eax+0x0],bl
00001FF3  00EA              add dl,ch
00001FF5  EE                out dx,al
00001FF6  FF                db 0xff
00001FF7  FFE4              jmp esp
00001FF9  0000              add [eax],al
00001FFB  0000              add [eax],al
00001FFD  41                inc ecx
00001FFE  0E                push cs
00001FFF  088502420D05      or [ebp+0x50d4202],al
00002005  44                inc esp
00002006  830302            add dword [ebx],byte +0x2
00002009  DCC5              fadd to st5
0000200B  C3                ret
0000200C  0C04              or al,0x4
0000200E  0400              add al,0x0
00002010  1C00              sbb al,0x0
00002012  0000              add [eax],al
00002014  800300            add byte [ebx],0x0
00002017  00AAEFFFFF37      add [edx+0x37ffffef],ch
0000201D  0000              add [eax],al
0000201F  0000              add [eax],al
00002021  41                inc ecx
00002022  0E                push cs
00002023  088502420D05      or [ebp+0x50d4202],al
00002029  73C5              jnc 0x1ff0
0000202B  0C04              or al,0x4
0000202D  0400              add al,0x0
0000202F  001C00            add [eax+eax],bl
00002032  0000              add [eax],al
00002034  A0030000C1        mov al,[0xc1000003]
00002039  EF                out dx,eax
0000203A  FF                db 0xff
0000203B  FF8801000000      dec dword [eax+0x1]
00002041  41                inc ecx
00002042  0E                push cs
00002043  088502420D05      or [ebp+0x50d4202],al
00002049  038401C50C0404    add eax,[ecx+eax+0x4040cc5]
00002050  1C00              sbb al,0x0
00002052  0000              add [eax],al
00002054  C00300            rol byte [ebx],byte 0x0
00002057  0029              add [ecx],ch
00002059  F1                int1
0000205A  FF                db 0xff
0000205B  FF5200            call [edx+0x0]
0000205E  0000              add [eax],al
00002060  00410E            add [ecx+0xe],al
00002063  088502420D05      or [ebp+0x50d4202],al
00002069  024EC5            add cl,[esi-0x3b]
0000206C  0C04              or al,0x4
0000206E  0400              add al,0x0
00002070  1C00              sbb al,0x0
00002072  0000              add [eax],al
00002074  E003              loopne 0x2079
00002076  0000              add [eax],al
00002078  5B                pop ebx
00002079  F1                int1
0000207A  FF                db 0xff
0000207B  FF3403            push dword [ebx+eax]
0000207E  0000              add [eax],al
00002080  00410E            add [ecx+0xe],al
00002083  088502420D05      or [ebp+0x50d4202],al
00002089  032E              add ebp,[esi]
0000208B  03C5              add eax,ebp
0000208D  0C04              or al,0x4
0000208F  041C              add al,0x1c
00002091  0000              add [eax],al
00002093  0000              add [eax],al
00002095  0400              add al,0x0
00002097  006FF4            add [edi-0xc],ch
0000209A  FF                db 0xff
0000209B  FF                db 0xff
0000209C  EA00000000410E    jmp 0xe41:0x0
000020A3  088502420D05      or [ebp+0x50d4202],al
000020A9  02E6              add ah,dh
000020AB  C50C04            lds ecx,[esp+eax]
000020AE  0400              add al,0x0
000020B0  1C00              sbb al,0x0
000020B2  0000              add [eax],al
000020B4  200400            and [eax+eax],al
000020B7  0039              add [ecx],bh
000020B9  F5                cmc
000020BA  FF                db 0xff
000020BB  FFCD              dec ebp
000020BD  0000              add [eax],al
000020BF  0000              add [eax],al
000020C1  41                inc ecx
000020C2  0E                push cs
000020C3  088502420D05      or [ebp+0x50d4202],al
000020C9  02C9              add cl,cl
000020CB  C50C04            lds ecx,[esp+eax]
000020CE  0400              add al,0x0
000020D0  1C00              sbb al,0x0
000020D2  0000              add [eax],al
000020D4  40                inc eax
000020D5  0400              add al,0x0
000020D7  00E6              add dh,ah
000020D9  F5                cmc
000020DA  FF                db 0xff
000020DB  FF                db 0xff
000020DC  7A01              jpe 0x20df
000020DE  0000              add [eax],al
000020E0  00410E            add [ecx+0xe],al
000020E3  088502420D05      or [ebp+0x50d4202],al
000020E9  037401C5          add esi,[ecx+eax-0x3b]
000020ED  0C04              or al,0x4
000020EF  0410              add al,0x10
000020F1  0000              add [eax],al
000020F3  006004            add [eax+0x4],ah
000020F6  0000              add [eax],al
000020F8  40                inc eax
000020F9  F7FF              idiv edi
000020FB  FF0400            inc dword [eax+eax]
000020FE  0000              add [eax],al
00002100  0000              add [eax],al
00002102  0000              add [eax],al
00002104  1000              adc [eax],al
00002106  0000              add [eax],al
00002108  7404              jz 0x210e
0000210A  0000              add [eax],al
0000210C  30F7              xor bh,dh
0000210E  FF                db 0xff
0000210F  FF0400            inc dword [eax+eax]
00002112  0000              add [eax],al
00002114  0000              add [eax],al
00002116  0000              add [eax],al
00002118  1000              adc [eax],al
0000211A  0000              add [eax],al
0000211C  880400            mov [eax+eax],al
0000211F  0020              add [eax],ah
00002121  F7FF              idiv edi
00002123  FF0400            inc dword [eax+eax]
00002126  0000              add [eax],al
00002128  0000              add [eax],al
0000212A  0000              add [eax],al
0000212C  0000              add [eax],al
0000212E  0000              add [eax],al
00002130  0000              add [eax],al
00002132  0000              add [eax],al
00002134  0000              add [eax],al
00002136  0000              add [eax],al
00002138  0000              add [eax],al
0000213A  0000              add [eax],al
0000213C  0000              add [eax],al
0000213E  0000              add [eax],al
00002140  0000              add [eax],al
00002142  0000              add [eax],al
00002144  0000              add [eax],al
00002146  0000              add [eax],al
00002148  0000              add [eax],al
0000214A  0000              add [eax],al
0000214C  0000              add [eax],al
0000214E  0000              add [eax],al
00002150  0000              add [eax],al
00002152  0000              add [eax],al
00002154  0000              add [eax],al
00002156  0000              add [eax],al
00002158  0000              add [eax],al
0000215A  0000              add [eax],al
0000215C  0000              add [eax],al
0000215E  0000              add [eax],al
00002160  0000              add [eax],al
00002162  0000              add [eax],al
00002164  0000              add [eax],al
00002166  0000              add [eax],al
00002168  0000              add [eax],al
0000216A  0000              add [eax],al
0000216C  0000              add [eax],al
0000216E  0000              add [eax],al
00002170  0000              add [eax],al
00002172  0000              add [eax],al
00002174  0000              add [eax],al
00002176  0000              add [eax],al
00002178  0000              add [eax],al
0000217A  0000              add [eax],al
0000217C  0000              add [eax],al
0000217E  0000              add [eax],al
00002180  0000              add [eax],al
00002182  0000              add [eax],al
00002184  0000              add [eax],al
00002186  0000              add [eax],al
00002188  0000              add [eax],al
0000218A  0000              add [eax],al
0000218C  0000              add [eax],al
0000218E  0000              add [eax],al
00002190  0000              add [eax],al
00002192  0000              add [eax],al
00002194  0000              add [eax],al
00002196  0000              add [eax],al
00002198  0000              add [eax],al
0000219A  0000              add [eax],al
0000219C  0000              add [eax],al
0000219E  0000              add [eax],al
000021A0  0000              add [eax],al
000021A2  0000              add [eax],al
000021A4  0000              add [eax],al
000021A6  0000              add [eax],al
000021A8  0000              add [eax],al
000021AA  0000              add [eax],al
000021AC  0000              add [eax],al
000021AE  0000              add [eax],al
000021B0  0000              add [eax],al
000021B2  0000              add [eax],al
000021B4  0000              add [eax],al
000021B6  0000              add [eax],al
000021B8  0000              add [eax],al
000021BA  0000              add [eax],al
000021BC  0000              add [eax],al
000021BE  0000              add [eax],al
000021C0  0000              add [eax],al
000021C2  0000              add [eax],al
000021C4  0000              add [eax],al
000021C6  0000              add [eax],al
000021C8  0000              add [eax],al
000021CA  0000              add [eax],al
000021CC  0000              add [eax],al
000021CE  0000              add [eax],al
000021D0  0000              add [eax],al
000021D2  0000              add [eax],al
000021D4  0000              add [eax],al
000021D6  0000              add [eax],al
000021D8  0000              add [eax],al
000021DA  0000              add [eax],al
000021DC  0000              add [eax],al
000021DE  0000              add [eax],al
000021E0  0000              add [eax],al
000021E2  0000              add [eax],al
000021E4  0000              add [eax],al
000021E6  0000              add [eax],al
000021E8  0000              add [eax],al
000021EA  0000              add [eax],al
000021EC  0000              add [eax],al
000021EE  0000              add [eax],al
000021F0  0000              add [eax],al
000021F2  0000              add [eax],al
000021F4  0000              add [eax],al
000021F6  0000              add [eax],al
000021F8  0000              add [eax],al
000021FA  0000              add [eax],al
000021FC  0000              add [eax],al
000021FE  0000              add [eax],al
00002200  0000              add [eax],al
00002202  0000              add [eax],al
00002204  0000              add [eax],al
00002206  0000              add [eax],al
00002208  0000              add [eax],al
0000220A  0000              add [eax],al
0000220C  0000              add [eax],al
0000220E  0000              add [eax],al
00002210  0000              add [eax],al
00002212  0000              add [eax],al
00002214  0000              add [eax],al
00002216  0000              add [eax],al
00002218  0000              add [eax],al
0000221A  0000              add [eax],al
0000221C  0000              add [eax],al
0000221E  0000              add [eax],al
00002220  0000              add [eax],al
00002222  0000              add [eax],al
00002224  0000              add [eax],al
00002226  0000              add [eax],al
00002228  0000              add [eax],al
0000222A  0000              add [eax],al
0000222C  0000              add [eax],al
0000222E  0000              add [eax],al
00002230  0000              add [eax],al
00002232  0000              add [eax],al
00002234  0000              add [eax],al
00002236  0000              add [eax],al
00002238  0000              add [eax],al
0000223A  0000              add [eax],al
0000223C  0000              add [eax],al
0000223E  0000              add [eax],al
00002240  0000              add [eax],al
00002242  0000              add [eax],al
00002244  0000              add [eax],al
00002246  0000              add [eax],al
00002248  0000              add [eax],al
0000224A  0000              add [eax],al
0000224C  0000              add [eax],al
0000224E  0000              add [eax],al
00002250  0000              add [eax],al
00002252  0000              add [eax],al
00002254  0000              add [eax],al
00002256  0000              add [eax],al
00002258  0000              add [eax],al
0000225A  0000              add [eax],al
0000225C  0000              add [eax],al
0000225E  0000              add [eax],al
00002260  0000              add [eax],al
00002262  0000              add [eax],al
00002264  0000              add [eax],al
00002266  0000              add [eax],al
00002268  0000              add [eax],al
0000226A  0000              add [eax],al
0000226C  0000              add [eax],al
0000226E  0000              add [eax],al
00002270  0000              add [eax],al
00002272  0000              add [eax],al
00002274  0000              add [eax],al
00002276  0000              add [eax],al
00002278  0000              add [eax],al
0000227A  0000              add [eax],al
0000227C  0000              add [eax],al
0000227E  0000              add [eax],al
00002280  0000              add [eax],al
00002282  0000              add [eax],al
00002284  0000              add [eax],al
00002286  0000              add [eax],al
00002288  0000              add [eax],al
0000228A  0000              add [eax],al
0000228C  0000              add [eax],al
0000228E  0000              add [eax],al
00002290  0000              add [eax],al
00002292  0000              add [eax],al
00002294  0000              add [eax],al
00002296  0000              add [eax],al
00002298  0000              add [eax],al
0000229A  0000              add [eax],al
0000229C  0000              add [eax],al
0000229E  0000              add [eax],al
000022A0  0000              add [eax],al
000022A2  0000              add [eax],al
000022A4  0000              add [eax],al
000022A6  0000              add [eax],al
000022A8  0000              add [eax],al
000022AA  0000              add [eax],al
000022AC  0000              add [eax],al
000022AE  0000              add [eax],al
000022B0  0000              add [eax],al
000022B2  0000              add [eax],al
000022B4  0000              add [eax],al
000022B6  0000              add [eax],al
000022B8  0000              add [eax],al
000022BA  0000              add [eax],al
000022BC  0000              add [eax],al
000022BE  0000              add [eax],al
000022C0  0000              add [eax],al
000022C2  0000              add [eax],al
000022C4  0000              add [eax],al
000022C6  0000              add [eax],al
000022C8  0000              add [eax],al
000022CA  0000              add [eax],al
000022CC  0000              add [eax],al
000022CE  0000              add [eax],al
000022D0  0000              add [eax],al
000022D2  0000              add [eax],al
000022D4  0000              add [eax],al
000022D6  0000              add [eax],al
000022D8  0000              add [eax],al
000022DA  0000              add [eax],al
000022DC  0000              add [eax],al
000022DE  0000              add [eax],al
000022E0  0000              add [eax],al
000022E2  0000              add [eax],al
000022E4  0000              add [eax],al
000022E6  0000              add [eax],al
000022E8  0000              add [eax],al
000022EA  0000              add [eax],al
000022EC  0000              add [eax],al
000022EE  0000              add [eax],al
000022F0  0000              add [eax],al
000022F2  0000              add [eax],al
000022F4  0000              add [eax],al
000022F6  0000              add [eax],al
000022F8  0000              add [eax],al
000022FA  0000              add [eax],al
000022FC  0000              add [eax],al
000022FE  0000              add [eax],al
00002300  0000              add [eax],al
00002302  0000              add [eax],al
00002304  0000              add [eax],al
00002306  0000              add [eax],al
00002308  0000              add [eax],al
0000230A  0000              add [eax],al
0000230C  0000              add [eax],al
0000230E  0000              add [eax],al
00002310  0000              add [eax],al
00002312  0000              add [eax],al
00002314  0000              add [eax],al
00002316  0000              add [eax],al
00002318  0000              add [eax],al
0000231A  0000              add [eax],al
0000231C  0000              add [eax],al
0000231E  0000              add [eax],al
00002320  0000              add [eax],al
00002322  0000              add [eax],al
00002324  0000              add [eax],al
00002326  0000              add [eax],al
00002328  0000              add [eax],al
0000232A  0000              add [eax],al
0000232C  0000              add [eax],al
0000232E  0000              add [eax],al
00002330  0000              add [eax],al
00002332  0000              add [eax],al
00002334  0000              add [eax],al
00002336  0000              add [eax],al
00002338  0000              add [eax],al
0000233A  0000              add [eax],al
0000233C  0000              add [eax],al
0000233E  0000              add [eax],al
00002340  0000              add [eax],al
00002342  0000              add [eax],al
00002344  0000              add [eax],al
00002346  0000              add [eax],al
00002348  0000              add [eax],al
0000234A  0000              add [eax],al
0000234C  0000              add [eax],al
0000234E  0000              add [eax],al
00002350  0000              add [eax],al
00002352  0000              add [eax],al
00002354  0000              add [eax],al
00002356  0000              add [eax],al
00002358  0000              add [eax],al
0000235A  0000              add [eax],al
0000235C  0000              add [eax],al
0000235E  0000              add [eax],al
00002360  0000              add [eax],al
00002362  0000              add [eax],al
00002364  0000              add [eax],al
00002366  0000              add [eax],al
00002368  0000              add [eax],al
0000236A  0000              add [eax],al
0000236C  0000              add [eax],al
0000236E  0000              add [eax],al
00002370  0000              add [eax],al
00002372  0000              add [eax],al
00002374  0000              add [eax],al
00002376  0000              add [eax],al
00002378  0000              add [eax],al
0000237A  0000              add [eax],al
0000237C  0000              add [eax],al
0000237E  0000              add [eax],al
00002380  0000              add [eax],al
00002382  0000              add [eax],al
00002384  0000              add [eax],al
00002386  0000              add [eax],al
00002388  0000              add [eax],al
0000238A  0000              add [eax],al
0000238C  0000              add [eax],al
0000238E  0000              add [eax],al
00002390  0000              add [eax],al
00002392  0000              add [eax],al
00002394  0000              add [eax],al
00002396  0000              add [eax],al
00002398  0000              add [eax],al
0000239A  0000              add [eax],al
0000239C  0000              add [eax],al
0000239E  0000              add [eax],al
000023A0  0000              add [eax],al
000023A2  0000              add [eax],al
000023A4  0000              add [eax],al
000023A6  0000              add [eax],al
000023A8  0000              add [eax],al
000023AA  0000              add [eax],al
000023AC  0000              add [eax],al
000023AE  0000              add [eax],al
000023B0  0000              add [eax],al
000023B2  0000              add [eax],al
000023B4  0000              add [eax],al
000023B6  0000              add [eax],al
000023B8  0000              add [eax],al
000023BA  0000              add [eax],al
000023BC  0000              add [eax],al
000023BE  0000              add [eax],al
000023C0  0000              add [eax],al
000023C2  0000              add [eax],al
000023C4  0000              add [eax],al
000023C6  0000              add [eax],al
000023C8  0000              add [eax],al
000023CA  0000              add [eax],al
000023CC  0000              add [eax],al
000023CE  0000              add [eax],al
000023D0  0000              add [eax],al
000023D2  0000              add [eax],al
000023D4  0000              add [eax],al
000023D6  0000              add [eax],al
000023D8  0000              add [eax],al
000023DA  0000              add [eax],al
000023DC  0000              add [eax],al
000023DE  0000              add [eax],al
000023E0  0000              add [eax],al
000023E2  0000              add [eax],al
000023E4  0000              add [eax],al
000023E6  0000              add [eax],al
000023E8  0000              add [eax],al
000023EA  0000              add [eax],al
000023EC  0000              add [eax],al
000023EE  0000              add [eax],al
000023F0  0000              add [eax],al
000023F2  0000              add [eax],al
000023F4  0000              add [eax],al
000023F6  0000              add [eax],al
000023F8  0000              add [eax],al
000023FA  0000              add [eax],al
000023FC  0000              add [eax],al
000023FE  0000              add [eax],al
00002400  0000              add [eax],al
00002402  0000              add [eax],al
00002404  0000              add [eax],al
00002406  0000              add [eax],al
00002408  0000              add [eax],al
0000240A  0000              add [eax],al
0000240C  0000              add [eax],al
0000240E  0000              add [eax],al
00002410  0000              add [eax],al
00002412  0000              add [eax],al
00002414  0000              add [eax],al
00002416  0000              add [eax],al
00002418  0000              add [eax],al
0000241A  0000              add [eax],al
0000241C  0000              add [eax],al
0000241E  0000              add [eax],al
00002420  0000              add [eax],al
00002422  0000              add [eax],al
00002424  0000              add [eax],al
00002426  0000              add [eax],al
00002428  0000              add [eax],al
0000242A  0000              add [eax],al
0000242C  0000              add [eax],al
0000242E  0000              add [eax],al
00002430  0000              add [eax],al
00002432  0000              add [eax],al
00002434  0000              add [eax],al
00002436  0000              add [eax],al
00002438  0000              add [eax],al
0000243A  0000              add [eax],al
0000243C  0000              add [eax],al
0000243E  0000              add [eax],al
00002440  0000              add [eax],al
00002442  0000              add [eax],al
00002444  0000              add [eax],al
00002446  0000              add [eax],al
00002448  0000              add [eax],al
0000244A  0000              add [eax],al
0000244C  0000              add [eax],al
0000244E  0000              add [eax],al
00002450  0000              add [eax],al
00002452  0000              add [eax],al
00002454  0000              add [eax],al
00002456  0000              add [eax],al
00002458  0000              add [eax],al
0000245A  0000              add [eax],al
0000245C  0000              add [eax],al
0000245E  0000              add [eax],al
00002460  0000              add [eax],al
00002462  0000              add [eax],al
00002464  0000              add [eax],al
00002466  0000              add [eax],al
00002468  0000              add [eax],al
0000246A  0000              add [eax],al
0000246C  0000              add [eax],al
0000246E  0000              add [eax],al
00002470  0000              add [eax],al
00002472  0000              add [eax],al
00002474  0000              add [eax],al
00002476  0000              add [eax],al
00002478  0000              add [eax],al
0000247A  0000              add [eax],al
0000247C  0000              add [eax],al
0000247E  0000              add [eax],al
00002480  0000              add [eax],al
00002482  0000              add [eax],al
00002484  0000              add [eax],al
00002486  0000              add [eax],al
00002488  0000              add [eax],al
0000248A  0000              add [eax],al
0000248C  0000              add [eax],al
0000248E  0000              add [eax],al
00002490  0000              add [eax],al
00002492  0000              add [eax],al
00002494  0000              add [eax],al
00002496  0000              add [eax],al
00002498  0000              add [eax],al
0000249A  0000              add [eax],al
0000249C  0000              add [eax],al
0000249E  0000              add [eax],al
000024A0  0000              add [eax],al
000024A2  0000              add [eax],al
000024A4  0000              add [eax],al
000024A6  0000              add [eax],al
000024A8  0000              add [eax],al
000024AA  0000              add [eax],al
000024AC  0000              add [eax],al
000024AE  0000              add [eax],al
000024B0  0000              add [eax],al
000024B2  0000              add [eax],al
000024B4  0000              add [eax],al
000024B6  0000              add [eax],al
000024B8  0000              add [eax],al
000024BA  0000              add [eax],al
000024BC  0000              add [eax],al
000024BE  0000              add [eax],al
000024C0  0000              add [eax],al
000024C2  0000              add [eax],al
000024C4  0000              add [eax],al
000024C6  0000              add [eax],al
000024C8  0000              add [eax],al
000024CA  0000              add [eax],al
000024CC  0000              add [eax],al
000024CE  0000              add [eax],al
000024D0  0000              add [eax],al
000024D2  0000              add [eax],al
000024D4  0000              add [eax],al
000024D6  0000              add [eax],al
000024D8  0000              add [eax],al
000024DA  0000              add [eax],al
000024DC  0000              add [eax],al
000024DE  0000              add [eax],al
000024E0  0000              add [eax],al
000024E2  0000              add [eax],al
000024E4  0000              add [eax],al
000024E6  0000              add [eax],al
000024E8  0000              add [eax],al
000024EA  0000              add [eax],al
000024EC  0000              add [eax],al
000024EE  0000              add [eax],al
000024F0  0000              add [eax],al
000024F2  0000              add [eax],al
000024F4  0000              add [eax],al
000024F6  0000              add [eax],al
000024F8  0000              add [eax],al
000024FA  0000              add [eax],al
000024FC  0000              add [eax],al
000024FE  0000              add [eax],al
00002500  0000              add [eax],al
00002502  0000              add [eax],al
00002504  0000              add [eax],al
00002506  0000              add [eax],al
00002508  0000              add [eax],al
0000250A  0000              add [eax],al
0000250C  0000              add [eax],al
0000250E  0000              add [eax],al
00002510  0000              add [eax],al
00002512  0000              add [eax],al
00002514  0000              add [eax],al
00002516  0000              add [eax],al
00002518  0000              add [eax],al
0000251A  0000              add [eax],al
0000251C  0000              add [eax],al
0000251E  0000              add [eax],al
00002520  0000              add [eax],al
00002522  0000              add [eax],al
00002524  0000              add [eax],al
00002526  0000              add [eax],al
00002528  0000              add [eax],al
0000252A  0000              add [eax],al
0000252C  0000              add [eax],al
0000252E  0000              add [eax],al
00002530  0000              add [eax],al
00002532  0000              add [eax],al
00002534  0000              add [eax],al
00002536  0000              add [eax],al
00002538  0000              add [eax],al
0000253A  0000              add [eax],al
0000253C  0000              add [eax],al
0000253E  0000              add [eax],al
00002540  0000              add [eax],al
00002542  0000              add [eax],al
00002544  0000              add [eax],al
00002546  0000              add [eax],al
00002548  0000              add [eax],al
0000254A  0000              add [eax],al
0000254C  0000              add [eax],al
0000254E  0000              add [eax],al
00002550  0000              add [eax],al
00002552  0000              add [eax],al
00002554  0000              add [eax],al
00002556  0000              add [eax],al
00002558  0000              add [eax],al
0000255A  0000              add [eax],al
0000255C  0000              add [eax],al
0000255E  0000              add [eax],al
00002560  0000              add [eax],al
00002562  0000              add [eax],al
00002564  0000              add [eax],al
00002566  0000              add [eax],al
00002568  0000              add [eax],al
0000256A  0000              add [eax],al
0000256C  0000              add [eax],al
0000256E  0000              add [eax],al
00002570  0000              add [eax],al
00002572  0000              add [eax],al
00002574  0000              add [eax],al
00002576  0000              add [eax],al
00002578  0000              add [eax],al
0000257A  0000              add [eax],al
0000257C  0000              add [eax],al
0000257E  0000              add [eax],al
00002580  0000              add [eax],al
00002582  0000              add [eax],al
00002584  0000              add [eax],al
00002586  0000              add [eax],al
00002588  0000              add [eax],al
0000258A  0000              add [eax],al
0000258C  0000              add [eax],al
0000258E  0000              add [eax],al
00002590  0000              add [eax],al
00002592  0000              add [eax],al
00002594  0000              add [eax],al
00002596  0000              add [eax],al
00002598  0000              add [eax],al
0000259A  0000              add [eax],al
0000259C  0000              add [eax],al
0000259E  0000              add [eax],al
000025A0  0000              add [eax],al
000025A2  0000              add [eax],al
000025A4  0000              add [eax],al
000025A6  0000              add [eax],al
000025A8  0000              add [eax],al
000025AA  0000              add [eax],al
000025AC  0000              add [eax],al
000025AE  0000              add [eax],al
000025B0  0000              add [eax],al
000025B2  0000              add [eax],al
000025B4  0000              add [eax],al
000025B6  0000              add [eax],al
000025B8  0000              add [eax],al
000025BA  0000              add [eax],al
000025BC  0000              add [eax],al
000025BE  0000              add [eax],al
000025C0  0000              add [eax],al
000025C2  0000              add [eax],al
000025C4  0000              add [eax],al
000025C6  0000              add [eax],al
000025C8  0000              add [eax],al
000025CA  0000              add [eax],al
000025CC  0000              add [eax],al
000025CE  0000              add [eax],al
000025D0  0000              add [eax],al
000025D2  0000              add [eax],al
000025D4  0000              add [eax],al
000025D6  0000              add [eax],al
000025D8  0000              add [eax],al
000025DA  0000              add [eax],al
000025DC  0000              add [eax],al
000025DE  0000              add [eax],al
000025E0  0000              add [eax],al
000025E2  0000              add [eax],al
000025E4  0000              add [eax],al
000025E6  0000              add [eax],al
000025E8  0000              add [eax],al
000025EA  0000              add [eax],al
000025EC  0000              add [eax],al
000025EE  0000              add [eax],al
000025F0  0000              add [eax],al
000025F2  0000              add [eax],al
000025F4  0000              add [eax],al
000025F6  0000              add [eax],al
000025F8  0000              add [eax],al
000025FA  0000              add [eax],al
000025FC  0000              add [eax],al
000025FE  0000              add [eax],al
00002600  0000              add [eax],al
00002602  0000              add [eax],al
00002604  0000              add [eax],al
00002606  0000              add [eax],al
00002608  0000              add [eax],al
0000260A  0000              add [eax],al
0000260C  0000              add [eax],al
0000260E  0000              add [eax],al
00002610  0000              add [eax],al
00002612  0000              add [eax],al
00002614  0000              add [eax],al
00002616  0000              add [eax],al
00002618  0000              add [eax],al
0000261A  0000              add [eax],al
0000261C  0000              add [eax],al
0000261E  0000              add [eax],al
00002620  0000              add [eax],al
00002622  0000              add [eax],al
00002624  0000              add [eax],al
00002626  0000              add [eax],al
00002628  0000              add [eax],al
0000262A  0000              add [eax],al
0000262C  0000              add [eax],al
0000262E  0000              add [eax],al
00002630  0000              add [eax],al
00002632  0000              add [eax],al
00002634  0000              add [eax],al
00002636  0000              add [eax],al
00002638  0000              add [eax],al
0000263A  0000              add [eax],al
0000263C  0000              add [eax],al
0000263E  0000              add [eax],al
00002640  0000              add [eax],al
00002642  0000              add [eax],al
00002644  0000              add [eax],al
00002646  0000              add [eax],al
00002648  0000              add [eax],al
0000264A  0000              add [eax],al
0000264C  0000              add [eax],al
0000264E  0000              add [eax],al
00002650  0000              add [eax],al
00002652  0000              add [eax],al
00002654  0000              add [eax],al
00002656  0000              add [eax],al
00002658  0000              add [eax],al
0000265A  0000              add [eax],al
0000265C  0000              add [eax],al
0000265E  0000              add [eax],al
00002660  0000              add [eax],al
00002662  0000              add [eax],al
00002664  0000              add [eax],al
00002666  0000              add [eax],al
00002668  0000              add [eax],al
0000266A  0000              add [eax],al
0000266C  0000              add [eax],al
0000266E  0000              add [eax],al
00002670  0000              add [eax],al
00002672  0000              add [eax],al
00002674  0000              add [eax],al
00002676  0000              add [eax],al
00002678  0000              add [eax],al
0000267A  0000              add [eax],al
0000267C  0000              add [eax],al
0000267E  0000              add [eax],al
00002680  0000              add [eax],al
00002682  0000              add [eax],al
00002684  0000              add [eax],al
00002686  0000              add [eax],al
00002688  0000              add [eax],al
0000268A  0000              add [eax],al
0000268C  0000              add [eax],al
0000268E  0000              add [eax],al
00002690  0000              add [eax],al
00002692  0000              add [eax],al
00002694  0000              add [eax],al
00002696  0000              add [eax],al
00002698  0000              add [eax],al
0000269A  0000              add [eax],al
0000269C  0000              add [eax],al
0000269E  0000              add [eax],al
000026A0  0000              add [eax],al
000026A2  0000              add [eax],al
000026A4  0000              add [eax],al
000026A6  0000              add [eax],al
000026A8  0000              add [eax],al
000026AA  0000              add [eax],al
000026AC  0000              add [eax],al
000026AE  0000              add [eax],al
000026B0  0000              add [eax],al
000026B2  0000              add [eax],al
000026B4  0000              add [eax],al
000026B6  0000              add [eax],al
000026B8  0000              add [eax],al
000026BA  0000              add [eax],al
000026BC  0000              add [eax],al
000026BE  0000              add [eax],al
000026C0  0000              add [eax],al
000026C2  0000              add [eax],al
000026C4  0000              add [eax],al
000026C6  0000              add [eax],al
000026C8  0000              add [eax],al
000026CA  0000              add [eax],al
000026CC  0000              add [eax],al
000026CE  0000              add [eax],al
000026D0  0000              add [eax],al
000026D2  0000              add [eax],al
000026D4  0000              add [eax],al
000026D6  0000              add [eax],al
000026D8  0000              add [eax],al
000026DA  0000              add [eax],al
000026DC  0000              add [eax],al
000026DE  0000              add [eax],al
000026E0  0000              add [eax],al
000026E2  0000              add [eax],al
000026E4  0000              add [eax],al
000026E6  0000              add [eax],al
000026E8  0000              add [eax],al
000026EA  0000              add [eax],al
000026EC  0000              add [eax],al
000026EE  0000              add [eax],al
000026F0  0000              add [eax],al
000026F2  0000              add [eax],al
000026F4  0000              add [eax],al
000026F6  0000              add [eax],al
000026F8  0000              add [eax],al
000026FA  0000              add [eax],al
000026FC  0000              add [eax],al
000026FE  0000              add [eax],al
00002700  0000              add [eax],al
00002702  0000              add [eax],al
00002704  0000              add [eax],al
00002706  0000              add [eax],al
00002708  0000              add [eax],al
0000270A  0000              add [eax],al
0000270C  0000              add [eax],al
0000270E  0000              add [eax],al
00002710  0000              add [eax],al
00002712  0000              add [eax],al
00002714  0000              add [eax],al
00002716  0000              add [eax],al
00002718  0000              add [eax],al
0000271A  0000              add [eax],al
0000271C  0000              add [eax],al
0000271E  0000              add [eax],al
00002720  0000              add [eax],al
00002722  0000              add [eax],al
00002724  0000              add [eax],al
00002726  0000              add [eax],al
00002728  0000              add [eax],al
0000272A  0000              add [eax],al
0000272C  0000              add [eax],al
0000272E  0000              add [eax],al
00002730  0000              add [eax],al
00002732  0000              add [eax],al
00002734  0000              add [eax],al
00002736  0000              add [eax],al
00002738  0000              add [eax],al
0000273A  0000              add [eax],al
0000273C  0000              add [eax],al
0000273E  0000              add [eax],al
00002740  0000              add [eax],al
00002742  0000              add [eax],al
00002744  0000              add [eax],al
00002746  0000              add [eax],al
00002748  0000              add [eax],al
0000274A  0000              add [eax],al
0000274C  0000              add [eax],al
0000274E  0000              add [eax],al
00002750  0000              add [eax],al
00002752  0000              add [eax],al
00002754  0000              add [eax],al
00002756  0000              add [eax],al
00002758  0000              add [eax],al
0000275A  0000              add [eax],al
0000275C  0000              add [eax],al
0000275E  0000              add [eax],al
00002760  0000              add [eax],al
00002762  0000              add [eax],al
00002764  0000              add [eax],al
00002766  0000              add [eax],al
00002768  0000              add [eax],al
0000276A  0000              add [eax],al
0000276C  0000              add [eax],al
0000276E  0000              add [eax],al
00002770  0000              add [eax],al
00002772  0000              add [eax],al
00002774  0000              add [eax],al
00002776  0000              add [eax],al
00002778  0000              add [eax],al
0000277A  0000              add [eax],al
0000277C  0000              add [eax],al
0000277E  0000              add [eax],al
00002780  0000              add [eax],al
00002782  0000              add [eax],al
00002784  0000              add [eax],al
00002786  0000              add [eax],al
00002788  0000              add [eax],al
0000278A  0000              add [eax],al
0000278C  0000              add [eax],al
0000278E  0000              add [eax],al
00002790  0000              add [eax],al
00002792  0000              add [eax],al
00002794  0000              add [eax],al
00002796  0000              add [eax],al
00002798  0000              add [eax],al
0000279A  0000              add [eax],al
0000279C  0000              add [eax],al
0000279E  0000              add [eax],al
000027A0  0000              add [eax],al
000027A2  0000              add [eax],al
000027A4  0000              add [eax],al
000027A6  0000              add [eax],al
000027A8  0000              add [eax],al
000027AA  0000              add [eax],al
000027AC  0000              add [eax],al
000027AE  0000              add [eax],al
000027B0  0000              add [eax],al
000027B2  0000              add [eax],al
000027B4  0000              add [eax],al
000027B6  0000              add [eax],al
000027B8  0000              add [eax],al
000027BA  0000              add [eax],al
000027BC  0000              add [eax],al
000027BE  0000              add [eax],al
000027C0  0000              add [eax],al
000027C2  0000              add [eax],al
000027C4  0000              add [eax],al
000027C6  0000              add [eax],al
000027C8  0000              add [eax],al
000027CA  0000              add [eax],al
000027CC  0000              add [eax],al
000027CE  0000              add [eax],al
000027D0  0000              add [eax],al
000027D2  0000              add [eax],al
000027D4  0000              add [eax],al
000027D6  0000              add [eax],al
000027D8  0000              add [eax],al
000027DA  0000              add [eax],al
000027DC  0000              add [eax],al
000027DE  0000              add [eax],al
000027E0  0000              add [eax],al
000027E2  0000              add [eax],al
000027E4  0000              add [eax],al
000027E6  0000              add [eax],al
000027E8  0000              add [eax],al
000027EA  0000              add [eax],al
000027EC  0000              add [eax],al
000027EE  0000              add [eax],al
000027F0  0000              add [eax],al
000027F2  0000              add [eax],al
000027F4  0000              add [eax],al
000027F6  0000              add [eax],al
000027F8  0000              add [eax],al
000027FA  0000              add [eax],al
000027FC  0000              add [eax],al
000027FE  0000              add [eax],al
00002800  0000              add [eax],al
00002802  0000              add [eax],al
00002804  0000              add [eax],al
00002806  0000              add [eax],al
00002808  0000              add [eax],al
0000280A  0000              add [eax],al
0000280C  0000              add [eax],al
0000280E  0000              add [eax],al
00002810  0000              add [eax],al
00002812  0000              add [eax],al
00002814  0000              add [eax],al
00002816  0000              add [eax],al
00002818  0000              add [eax],al
0000281A  0000              add [eax],al
0000281C  0000              add [eax],al
0000281E  0000              add [eax],al
00002820  0000              add [eax],al
00002822  0000              add [eax],al
00002824  0000              add [eax],al
00002826  0000              add [eax],al
00002828  0000              add [eax],al
0000282A  0000              add [eax],al
0000282C  0000              add [eax],al
0000282E  0000              add [eax],al
00002830  0000              add [eax],al
00002832  0000              add [eax],al
00002834  0000              add [eax],al
00002836  0000              add [eax],al
00002838  0000              add [eax],al
0000283A  0000              add [eax],al
0000283C  0000              add [eax],al
0000283E  0000              add [eax],al
00002840  0000              add [eax],al
00002842  0000              add [eax],al
00002844  0000              add [eax],al
00002846  0000              add [eax],al
00002848  0000              add [eax],al
0000284A  0000              add [eax],al
0000284C  0000              add [eax],al
0000284E  0000              add [eax],al
00002850  0000              add [eax],al
00002852  0000              add [eax],al
00002854  0000              add [eax],al
00002856  0000              add [eax],al
00002858  0000              add [eax],al
0000285A  0000              add [eax],al
0000285C  0000              add [eax],al
0000285E  0000              add [eax],al
00002860  0000              add [eax],al
00002862  0000              add [eax],al
00002864  0000              add [eax],al
00002866  0000              add [eax],al
00002868  0000              add [eax],al
0000286A  0000              add [eax],al
0000286C  0000              add [eax],al
0000286E  0000              add [eax],al
00002870  0000              add [eax],al
00002872  0000              add [eax],al
00002874  0000              add [eax],al
00002876  0000              add [eax],al
00002878  0000              add [eax],al
0000287A  0000              add [eax],al
0000287C  0000              add [eax],al
0000287E  0000              add [eax],al
00002880  0000              add [eax],al
00002882  0000              add [eax],al
00002884  0000              add [eax],al
00002886  0000              add [eax],al
00002888  0000              add [eax],al
0000288A  0000              add [eax],al
0000288C  0000              add [eax],al
0000288E  0000              add [eax],al
00002890  0000              add [eax],al
00002892  0000              add [eax],al
00002894  0000              add [eax],al
00002896  0000              add [eax],al
00002898  0000              add [eax],al
0000289A  0000              add [eax],al
0000289C  0000              add [eax],al
0000289E  0000              add [eax],al
000028A0  0000              add [eax],al
000028A2  0000              add [eax],al
000028A4  0000              add [eax],al
000028A6  0000              add [eax],al
000028A8  0000              add [eax],al
000028AA  0000              add [eax],al
000028AC  0000              add [eax],al
000028AE  0000              add [eax],al
000028B0  0000              add [eax],al
000028B2  0000              add [eax],al
000028B4  0000              add [eax],al
000028B6  0000              add [eax],al
000028B8  0000              add [eax],al
000028BA  0000              add [eax],al
000028BC  0000              add [eax],al
000028BE  0000              add [eax],al
000028C0  0000              add [eax],al
000028C2  0000              add [eax],al
000028C4  0000              add [eax],al
000028C6  0000              add [eax],al
000028C8  0000              add [eax],al
000028CA  0000              add [eax],al
000028CC  0000              add [eax],al
000028CE  0000              add [eax],al
000028D0  0000              add [eax],al
000028D2  0000              add [eax],al
000028D4  0000              add [eax],al
000028D6  0000              add [eax],al
000028D8  0000              add [eax],al
000028DA  0000              add [eax],al
000028DC  0000              add [eax],al
000028DE  0000              add [eax],al
000028E0  0000              add [eax],al
000028E2  0000              add [eax],al
000028E4  0000              add [eax],al
000028E6  0000              add [eax],al
000028E8  0000              add [eax],al
000028EA  0000              add [eax],al
000028EC  0000              add [eax],al
000028EE  0000              add [eax],al
000028F0  0000              add [eax],al
000028F2  0000              add [eax],al
000028F4  0000              add [eax],al
000028F6  0000              add [eax],al
000028F8  0000              add [eax],al
000028FA  0000              add [eax],al
000028FC  0000              add [eax],al
000028FE  0000              add [eax],al
00002900  0000              add [eax],al
00002902  0000              add [eax],al
00002904  0000              add [eax],al
00002906  0000              add [eax],al
00002908  0000              add [eax],al
0000290A  0000              add [eax],al
0000290C  0000              add [eax],al
0000290E  0000              add [eax],al
00002910  0000              add [eax],al
00002912  0000              add [eax],al
00002914  0000              add [eax],al
00002916  0000              add [eax],al
00002918  0000              add [eax],al
0000291A  0000              add [eax],al
0000291C  0000              add [eax],al
0000291E  0000              add [eax],al
00002920  0000              add [eax],al
00002922  0000              add [eax],al
00002924  0000              add [eax],al
00002926  0000              add [eax],al
00002928  0000              add [eax],al
0000292A  0000              add [eax],al
0000292C  0000              add [eax],al
0000292E  0000              add [eax],al
00002930  0000              add [eax],al
00002932  0000              add [eax],al
00002934  0000              add [eax],al
00002936  0000              add [eax],al
00002938  0000              add [eax],al
0000293A  0000              add [eax],al
0000293C  0000              add [eax],al
0000293E  0000              add [eax],al
00002940  0000              add [eax],al
00002942  0000              add [eax],al
00002944  0000              add [eax],al
00002946  0000              add [eax],al
00002948  0000              add [eax],al
0000294A  0000              add [eax],al
0000294C  0000              add [eax],al
0000294E  0000              add [eax],al
00002950  0000              add [eax],al
00002952  0000              add [eax],al
00002954  0000              add [eax],al
00002956  0000              add [eax],al
00002958  0000              add [eax],al
0000295A  0000              add [eax],al
0000295C  0000              add [eax],al
0000295E  0000              add [eax],al
00002960  0000              add [eax],al
00002962  0000              add [eax],al
00002964  0000              add [eax],al
00002966  0000              add [eax],al
00002968  0000              add [eax],al
0000296A  0000              add [eax],al
0000296C  0000              add [eax],al
0000296E  0000              add [eax],al
00002970  0000              add [eax],al
00002972  0000              add [eax],al
00002974  0000              add [eax],al
00002976  0000              add [eax],al
00002978  0000              add [eax],al
0000297A  0000              add [eax],al
0000297C  0000              add [eax],al
0000297E  0000              add [eax],al
00002980  0000              add [eax],al
00002982  0000              add [eax],al
00002984  0000              add [eax],al
00002986  0000              add [eax],al
00002988  0000              add [eax],al
0000298A  0000              add [eax],al
0000298C  0000              add [eax],al
0000298E  0000              add [eax],al
00002990  0000              add [eax],al
00002992  0000              add [eax],al
00002994  0000              add [eax],al
00002996  0000              add [eax],al
00002998  0000              add [eax],al
0000299A  0000              add [eax],al
0000299C  0000              add [eax],al
0000299E  0000              add [eax],al
000029A0  0000              add [eax],al
000029A2  0000              add [eax],al
000029A4  0000              add [eax],al
000029A6  0000              add [eax],al
000029A8  0000              add [eax],al
000029AA  0000              add [eax],al
000029AC  0000              add [eax],al
000029AE  0000              add [eax],al
000029B0  0000              add [eax],al
000029B2  0000              add [eax],al
000029B4  0000              add [eax],al
000029B6  0000              add [eax],al
000029B8  0000              add [eax],al
000029BA  0000              add [eax],al
000029BC  0000              add [eax],al
000029BE  0000              add [eax],al
000029C0  0000              add [eax],al
000029C2  0000              add [eax],al
000029C4  0000              add [eax],al
000029C6  0000              add [eax],al
000029C8  0000              add [eax],al
000029CA  0000              add [eax],al
000029CC  0000              add [eax],al
000029CE  0000              add [eax],al
000029D0  0000              add [eax],al
000029D2  0000              add [eax],al
000029D4  0000              add [eax],al
000029D6  0000              add [eax],al
000029D8  0000              add [eax],al
000029DA  0000              add [eax],al
000029DC  0000              add [eax],al
000029DE  0000              add [eax],al
000029E0  0000              add [eax],al
000029E2  0000              add [eax],al
000029E4  0000              add [eax],al
000029E6  0000              add [eax],al
000029E8  0000              add [eax],al
000029EA  0000              add [eax],al
000029EC  0000              add [eax],al
000029EE  0000              add [eax],al
000029F0  0000              add [eax],al
000029F2  0000              add [eax],al
000029F4  0000              add [eax],al
000029F6  0000              add [eax],al
000029F8  0000              add [eax],al
000029FA  0000              add [eax],al
000029FC  0000              add [eax],al
000029FE  0000              add [eax],al
00002A00  0000              add [eax],al
00002A02  0000              add [eax],al
00002A04  0000              add [eax],al
00002A06  0000              add [eax],al
00002A08  0000              add [eax],al
00002A0A  0000              add [eax],al
00002A0C  0000              add [eax],al
00002A0E  0000              add [eax],al
00002A10  0000              add [eax],al
00002A12  0000              add [eax],al
00002A14  0000              add [eax],al
00002A16  0000              add [eax],al
00002A18  0000              add [eax],al
00002A1A  0000              add [eax],al
00002A1C  0000              add [eax],al
00002A1E  0000              add [eax],al
00002A20  0000              add [eax],al
00002A22  0000              add [eax],al
00002A24  0000              add [eax],al
00002A26  0000              add [eax],al
00002A28  0000              add [eax],al
00002A2A  0000              add [eax],al
00002A2C  0000              add [eax],al
00002A2E  0000              add [eax],al
00002A30  0000              add [eax],al
00002A32  0000              add [eax],al
00002A34  0000              add [eax],al
00002A36  0000              add [eax],al
00002A38  0000              add [eax],al
00002A3A  0000              add [eax],al
00002A3C  0000              add [eax],al
00002A3E  0000              add [eax],al
00002A40  0000              add [eax],al
00002A42  0000              add [eax],al
00002A44  0000              add [eax],al
00002A46  0000              add [eax],al
00002A48  0000              add [eax],al
00002A4A  0000              add [eax],al
00002A4C  0000              add [eax],al
00002A4E  0000              add [eax],al
00002A50  0000              add [eax],al
00002A52  0000              add [eax],al
00002A54  0000              add [eax],al
00002A56  0000              add [eax],al
00002A58  0000              add [eax],al
00002A5A  0000              add [eax],al
00002A5C  0000              add [eax],al
00002A5E  0000              add [eax],al
00002A60  0000              add [eax],al
00002A62  0000              add [eax],al
00002A64  0000              add [eax],al
00002A66  0000              add [eax],al
00002A68  0000              add [eax],al
00002A6A  0000              add [eax],al
00002A6C  0000              add [eax],al
00002A6E  0000              add [eax],al
00002A70  0000              add [eax],al
00002A72  0000              add [eax],al
00002A74  0000              add [eax],al
00002A76  0000              add [eax],al
00002A78  0000              add [eax],al
00002A7A  0000              add [eax],al
00002A7C  0000              add [eax],al
00002A7E  0000              add [eax],al
00002A80  0000              add [eax],al
00002A82  0000              add [eax],al
00002A84  0000              add [eax],al
00002A86  0000              add [eax],al
00002A88  0000              add [eax],al
00002A8A  0000              add [eax],al
00002A8C  0000              add [eax],al
00002A8E  0000              add [eax],al
00002A90  0000              add [eax],al
00002A92  0000              add [eax],al
00002A94  0000              add [eax],al
00002A96  0000              add [eax],al
00002A98  0000              add [eax],al
00002A9A  0000              add [eax],al
00002A9C  0000              add [eax],al
00002A9E  0000              add [eax],al
00002AA0  0000              add [eax],al
00002AA2  0000              add [eax],al
00002AA4  0000              add [eax],al
00002AA6  0000              add [eax],al
00002AA8  0000              add [eax],al
00002AAA  0000              add [eax],al
00002AAC  0000              add [eax],al
00002AAE  0000              add [eax],al
00002AB0  0000              add [eax],al
00002AB2  0000              add [eax],al
00002AB4  0000              add [eax],al
00002AB6  0000              add [eax],al
00002AB8  0000              add [eax],al
00002ABA  0000              add [eax],al
00002ABC  0000              add [eax],al
00002ABE  0000              add [eax],al
00002AC0  0000              add [eax],al
00002AC2  0000              add [eax],al
00002AC4  0000              add [eax],al
00002AC6  0000              add [eax],al
00002AC8  0000              add [eax],al
00002ACA  0000              add [eax],al
00002ACC  0000              add [eax],al
00002ACE  0000              add [eax],al
00002AD0  0000              add [eax],al
00002AD2  0000              add [eax],al
00002AD4  0000              add [eax],al
00002AD6  0000              add [eax],al
00002AD8  0000              add [eax],al
00002ADA  0000              add [eax],al
00002ADC  0000              add [eax],al
00002ADE  0000              add [eax],al
00002AE0  0000              add [eax],al
00002AE2  0000              add [eax],al
00002AE4  0000              add [eax],al
00002AE6  0000              add [eax],al
00002AE8  0000              add [eax],al
00002AEA  0000              add [eax],al
00002AEC  0000              add [eax],al
00002AEE  0000              add [eax],al
00002AF0  0000              add [eax],al
00002AF2  0000              add [eax],al
00002AF4  0000              add [eax],al
00002AF6  0000              add [eax],al
00002AF8  0000              add [eax],al
00002AFA  0000              add [eax],al
00002AFC  0000              add [eax],al
00002AFE  0000              add [eax],al
00002B00  0000              add [eax],al
00002B02  0000              add [eax],al
00002B04  0000              add [eax],al
00002B06  0000              add [eax],al
00002B08  0000              add [eax],al
00002B0A  0000              add [eax],al
00002B0C  0000              add [eax],al
00002B0E  0000              add [eax],al
00002B10  0000              add [eax],al
00002B12  0000              add [eax],al
00002B14  0000              add [eax],al
00002B16  0000              add [eax],al
00002B18  0000              add [eax],al
00002B1A  0000              add [eax],al
00002B1C  0000              add [eax],al
00002B1E  0000              add [eax],al
00002B20  0000              add [eax],al
00002B22  0000              add [eax],al
00002B24  0000              add [eax],al
00002B26  0000              add [eax],al
00002B28  0000              add [eax],al
00002B2A  0000              add [eax],al
00002B2C  0000              add [eax],al
00002B2E  0000              add [eax],al
00002B30  0000              add [eax],al
00002B32  0000              add [eax],al
00002B34  0000              add [eax],al
00002B36  0000              add [eax],al
00002B38  0000              add [eax],al
00002B3A  0000              add [eax],al
00002B3C  0000              add [eax],al
00002B3E  0000              add [eax],al
00002B40  0000              add [eax],al
00002B42  0000              add [eax],al
00002B44  0000              add [eax],al
00002B46  0000              add [eax],al
00002B48  0000              add [eax],al
00002B4A  0000              add [eax],al
00002B4C  0000              add [eax],al
00002B4E  0000              add [eax],al
00002B50  0000              add [eax],al
00002B52  0000              add [eax],al
00002B54  0000              add [eax],al
00002B56  0000              add [eax],al
00002B58  0000              add [eax],al
00002B5A  0000              add [eax],al
00002B5C  0000              add [eax],al
00002B5E  0000              add [eax],al
00002B60  0000              add [eax],al
00002B62  0000              add [eax],al
00002B64  0000              add [eax],al
00002B66  0000              add [eax],al
00002B68  0000              add [eax],al
00002B6A  0000              add [eax],al
00002B6C  0000              add [eax],al
00002B6E  0000              add [eax],al
00002B70  0000              add [eax],al
00002B72  0000              add [eax],al
00002B74  0000              add [eax],al
00002B76  0000              add [eax],al
00002B78  0000              add [eax],al
00002B7A  0000              add [eax],al
00002B7C  0000              add [eax],al
00002B7E  0000              add [eax],al
00002B80  0000              add [eax],al
00002B82  0000              add [eax],al
00002B84  0000              add [eax],al
00002B86  0000              add [eax],al
00002B88  0000              add [eax],al
00002B8A  0000              add [eax],al
00002B8C  0000              add [eax],al
00002B8E  0000              add [eax],al
00002B90  0000              add [eax],al
00002B92  0000              add [eax],al
00002B94  0000              add [eax],al
00002B96  0000              add [eax],al
00002B98  0000              add [eax],al
00002B9A  0000              add [eax],al
00002B9C  0000              add [eax],al
00002B9E  0000              add [eax],al
00002BA0  0000              add [eax],al
00002BA2  0000              add [eax],al
00002BA4  0000              add [eax],al
00002BA6  0000              add [eax],al
00002BA8  0000              add [eax],al
00002BAA  0000              add [eax],al
00002BAC  0000              add [eax],al
00002BAE  0000              add [eax],al
00002BB0  0000              add [eax],al
00002BB2  0000              add [eax],al
00002BB4  0000              add [eax],al
00002BB6  0000              add [eax],al
00002BB8  0000              add [eax],al
00002BBA  0000              add [eax],al
00002BBC  0000              add [eax],al
00002BBE  0000              add [eax],al
00002BC0  0000              add [eax],al
00002BC2  0000              add [eax],al
00002BC4  0000              add [eax],al
00002BC6  0000              add [eax],al
00002BC8  0000              add [eax],al
00002BCA  0000              add [eax],al
00002BCC  0000              add [eax],al
00002BCE  0000              add [eax],al
00002BD0  0000              add [eax],al
00002BD2  0000              add [eax],al
00002BD4  0000              add [eax],al
00002BD6  0000              add [eax],al
00002BD8  0000              add [eax],al
00002BDA  0000              add [eax],al
00002BDC  0000              add [eax],al
00002BDE  0000              add [eax],al
00002BE0  0000              add [eax],al
00002BE2  0000              add [eax],al
00002BE4  0000              add [eax],al
00002BE6  0000              add [eax],al
00002BE8  0000              add [eax],al
00002BEA  0000              add [eax],al
00002BEC  0000              add [eax],al
00002BEE  0000              add [eax],al
00002BF0  0000              add [eax],al
00002BF2  0000              add [eax],al
00002BF4  0000              add [eax],al
00002BF6  0000              add [eax],al
00002BF8  0000              add [eax],al
00002BFA  0000              add [eax],al
00002BFC  0000              add [eax],al
00002BFE  0000              add [eax],al
00002C00  0000              add [eax],al
00002C02  0000              add [eax],al
00002C04  0000              add [eax],al
00002C06  0000              add [eax],al
00002C08  0000              add [eax],al
00002C0A  0000              add [eax],al
00002C0C  0000              add [eax],al
00002C0E  0000              add [eax],al
00002C10  0000              add [eax],al
00002C12  0000              add [eax],al
00002C14  0000              add [eax],al
00002C16  0000              add [eax],al
00002C18  0000              add [eax],al
00002C1A  0000              add [eax],al
00002C1C  0000              add [eax],al
00002C1E  0000              add [eax],al
00002C20  0000              add [eax],al
00002C22  0000              add [eax],al
00002C24  0000              add [eax],al
00002C26  0000              add [eax],al
00002C28  0000              add [eax],al
00002C2A  0000              add [eax],al
00002C2C  0000              add [eax],al
00002C2E  0000              add [eax],al
00002C30  0000              add [eax],al
00002C32  0000              add [eax],al
00002C34  0000              add [eax],al
00002C36  0000              add [eax],al
00002C38  0000              add [eax],al
00002C3A  0000              add [eax],al
00002C3C  0000              add [eax],al
00002C3E  0000              add [eax],al
00002C40  0000              add [eax],al
00002C42  0000              add [eax],al
00002C44  0000              add [eax],al
00002C46  0000              add [eax],al
00002C48  0000              add [eax],al
00002C4A  0000              add [eax],al
00002C4C  0000              add [eax],al
00002C4E  0000              add [eax],al
00002C50  0000              add [eax],al
00002C52  0000              add [eax],al
00002C54  0000              add [eax],al
00002C56  0000              add [eax],al
00002C58  0000              add [eax],al
00002C5A  0000              add [eax],al
00002C5C  0000              add [eax],al
00002C5E  0000              add [eax],al
00002C60  0000              add [eax],al
00002C62  0000              add [eax],al
00002C64  0000              add [eax],al
00002C66  0000              add [eax],al
00002C68  0000              add [eax],al
00002C6A  0000              add [eax],al
00002C6C  0000              add [eax],al
00002C6E  0000              add [eax],al
00002C70  0000              add [eax],al
00002C72  0000              add [eax],al
00002C74  0000              add [eax],al
00002C76  0000              add [eax],al
00002C78  0000              add [eax],al
00002C7A  0000              add [eax],al
00002C7C  0000              add [eax],al
00002C7E  0000              add [eax],al
00002C80  0000              add [eax],al
00002C82  0000              add [eax],al
00002C84  0000              add [eax],al
00002C86  0000              add [eax],al
00002C88  0000              add [eax],al
00002C8A  0000              add [eax],al
00002C8C  0000              add [eax],al
00002C8E  0000              add [eax],al
00002C90  0000              add [eax],al
00002C92  0000              add [eax],al
00002C94  0000              add [eax],al
00002C96  0000              add [eax],al
00002C98  0000              add [eax],al
00002C9A  0000              add [eax],al
00002C9C  0000              add [eax],al
00002C9E  0000              add [eax],al
00002CA0  0000              add [eax],al
00002CA2  0000              add [eax],al
00002CA4  0000              add [eax],al
00002CA6  0000              add [eax],al
00002CA8  0000              add [eax],al
00002CAA  0000              add [eax],al
00002CAC  0000              add [eax],al
00002CAE  0000              add [eax],al
00002CB0  0000              add [eax],al
00002CB2  0000              add [eax],al
00002CB4  0000              add [eax],al
00002CB6  0000              add [eax],al
00002CB8  0000              add [eax],al
00002CBA  0000              add [eax],al
00002CBC  0000              add [eax],al
00002CBE  0000              add [eax],al
00002CC0  0000              add [eax],al
00002CC2  0000              add [eax],al
00002CC4  0000              add [eax],al
00002CC6  0000              add [eax],al
00002CC8  0000              add [eax],al
00002CCA  0000              add [eax],al
00002CCC  0000              add [eax],al
00002CCE  0000              add [eax],al
00002CD0  0000              add [eax],al
00002CD2  0000              add [eax],al
00002CD4  0000              add [eax],al
00002CD6  0000              add [eax],al
00002CD8  0000              add [eax],al
00002CDA  0000              add [eax],al
00002CDC  0000              add [eax],al
00002CDE  0000              add [eax],al
00002CE0  0000              add [eax],al
00002CE2  0000              add [eax],al
00002CE4  0000              add [eax],al
00002CE6  0000              add [eax],al
00002CE8  0000              add [eax],al
00002CEA  0000              add [eax],al
00002CEC  0000              add [eax],al
00002CEE  0000              add [eax],al
00002CF0  0000              add [eax],al
00002CF2  0000              add [eax],al
00002CF4  0000              add [eax],al
00002CF6  0000              add [eax],al
00002CF8  0000              add [eax],al
00002CFA  0000              add [eax],al
00002CFC  0000              add [eax],al
00002CFE  0000              add [eax],al
00002D00  0000              add [eax],al
00002D02  0000              add [eax],al
00002D04  0000              add [eax],al
00002D06  0000              add [eax],al
00002D08  0000              add [eax],al
00002D0A  0000              add [eax],al
00002D0C  0000              add [eax],al
00002D0E  0000              add [eax],al
00002D10  0000              add [eax],al
00002D12  0000              add [eax],al
00002D14  0000              add [eax],al
00002D16  0000              add [eax],al
00002D18  0000              add [eax],al
00002D1A  0000              add [eax],al
00002D1C  0000              add [eax],al
00002D1E  0000              add [eax],al
00002D20  0000              add [eax],al
00002D22  0000              add [eax],al
00002D24  0000              add [eax],al
00002D26  0000              add [eax],al
00002D28  0000              add [eax],al
00002D2A  0000              add [eax],al
00002D2C  0000              add [eax],al
00002D2E  0000              add [eax],al
00002D30  0000              add [eax],al
00002D32  0000              add [eax],al
00002D34  0000              add [eax],al
00002D36  0000              add [eax],al
00002D38  0000              add [eax],al
00002D3A  0000              add [eax],al
00002D3C  0000              add [eax],al
00002D3E  0000              add [eax],al
00002D40  0000              add [eax],al
00002D42  0000              add [eax],al
00002D44  0000              add [eax],al
00002D46  0000              add [eax],al
00002D48  0000              add [eax],al
00002D4A  0000              add [eax],al
00002D4C  0000              add [eax],al
00002D4E  0000              add [eax],al
00002D50  0000              add [eax],al
00002D52  0000              add [eax],al
00002D54  0000              add [eax],al
00002D56  0000              add [eax],al
00002D58  0000              add [eax],al
00002D5A  0000              add [eax],al
00002D5C  0000              add [eax],al
00002D5E  0000              add [eax],al
00002D60  0000              add [eax],al
00002D62  0000              add [eax],al
00002D64  0000              add [eax],al
00002D66  0000              add [eax],al
00002D68  0000              add [eax],al
00002D6A  0000              add [eax],al
00002D6C  0000              add [eax],al
00002D6E  0000              add [eax],al
00002D70  0000              add [eax],al
00002D72  0000              add [eax],al
00002D74  0000              add [eax],al
00002D76  0000              add [eax],al
00002D78  0000              add [eax],al
00002D7A  0000              add [eax],al
00002D7C  0000              add [eax],al
00002D7E  0000              add [eax],al
00002D80  0000              add [eax],al
00002D82  0000              add [eax],al
00002D84  0000              add [eax],al
00002D86  0000              add [eax],al
00002D88  0000              add [eax],al
00002D8A  0000              add [eax],al
00002D8C  0000              add [eax],al
00002D8E  0000              add [eax],al
00002D90  0000              add [eax],al
00002D92  0000              add [eax],al
00002D94  0000              add [eax],al
00002D96  0000              add [eax],al
00002D98  0000              add [eax],al
00002D9A  0000              add [eax],al
00002D9C  0000              add [eax],al
00002D9E  0000              add [eax],al
00002DA0  0000              add [eax],al
00002DA2  0000              add [eax],al
00002DA4  0000              add [eax],al
00002DA6  0000              add [eax],al
00002DA8  0000              add [eax],al
00002DAA  0000              add [eax],al
00002DAC  0000              add [eax],al
00002DAE  0000              add [eax],al
00002DB0  0000              add [eax],al
00002DB2  0000              add [eax],al
00002DB4  0000              add [eax],al
00002DB6  0000              add [eax],al
00002DB8  0000              add [eax],al
00002DBA  0000              add [eax],al
00002DBC  0000              add [eax],al
00002DBE  0000              add [eax],al
00002DC0  0000              add [eax],al
00002DC2  0000              add [eax],al
00002DC4  0000              add [eax],al
00002DC6  0000              add [eax],al
00002DC8  0000              add [eax],al
00002DCA  0000              add [eax],al
00002DCC  0000              add [eax],al
00002DCE  0000              add [eax],al
00002DD0  0000              add [eax],al
00002DD2  0000              add [eax],al
00002DD4  0000              add [eax],al
00002DD6  0000              add [eax],al
00002DD8  0000              add [eax],al
00002DDA  0000              add [eax],al
00002DDC  0000              add [eax],al
00002DDE  0000              add [eax],al
00002DE0  0000              add [eax],al
00002DE2  0000              add [eax],al
00002DE4  0000              add [eax],al
00002DE6  0000              add [eax],al
00002DE8  0000              add [eax],al
00002DEA  0000              add [eax],al
00002DEC  0000              add [eax],al
00002DEE  0000              add [eax],al
00002DF0  0000              add [eax],al
00002DF2  0000              add [eax],al
00002DF4  0000              add [eax],al
00002DF6  0000              add [eax],al
00002DF8  0000              add [eax],al
00002DFA  0000              add [eax],al
00002DFC  0000              add [eax],al
00002DFE  0000              add [eax],al
00002E00  0000              add [eax],al
00002E02  0000              add [eax],al
00002E04  0000              add [eax],al
00002E06  0000              add [eax],al
00002E08  0000              add [eax],al
00002E0A  0000              add [eax],al
00002E0C  0000              add [eax],al
00002E0E  0000              add [eax],al
00002E10  0000              add [eax],al
00002E12  0000              add [eax],al
00002E14  0000              add [eax],al
00002E16  0000              add [eax],al
00002E18  0000              add [eax],al
00002E1A  0000              add [eax],al
00002E1C  0000              add [eax],al
00002E1E  0000              add [eax],al
00002E20  0000              add [eax],al
00002E22  0000              add [eax],al
00002E24  0000              add [eax],al
00002E26  0000              add [eax],al
00002E28  0000              add [eax],al
00002E2A  0000              add [eax],al
00002E2C  0000              add [eax],al
00002E2E  0000              add [eax],al
00002E30  0000              add [eax],al
00002E32  0000              add [eax],al
00002E34  0000              add [eax],al
00002E36  0000              add [eax],al
00002E38  0000              add [eax],al
00002E3A  0000              add [eax],al
00002E3C  0000              add [eax],al
00002E3E  0000              add [eax],al
00002E40  0000              add [eax],al
00002E42  0000              add [eax],al
00002E44  0000              add [eax],al
00002E46  0000              add [eax],al
00002E48  0000              add [eax],al
00002E4A  0000              add [eax],al
00002E4C  0000              add [eax],al
00002E4E  0000              add [eax],al
00002E50  0000              add [eax],al
00002E52  0000              add [eax],al
00002E54  0000              add [eax],al
00002E56  0000              add [eax],al
00002E58  0000              add [eax],al
00002E5A  0000              add [eax],al
00002E5C  0000              add [eax],al
00002E5E  0000              add [eax],al
00002E60  0000              add [eax],al
00002E62  0000              add [eax],al
00002E64  0000              add [eax],al
00002E66  0000              add [eax],al
00002E68  0000              add [eax],al
00002E6A  0000              add [eax],al
00002E6C  0000              add [eax],al
00002E6E  0000              add [eax],al
00002E70  0000              add [eax],al
00002E72  0000              add [eax],al
00002E74  0000              add [eax],al
00002E76  0000              add [eax],al
00002E78  0000              add [eax],al
00002E7A  0000              add [eax],al
00002E7C  0000              add [eax],al
00002E7E  0000              add [eax],al
00002E80  0000              add [eax],al
00002E82  0000              add [eax],al
00002E84  0000              add [eax],al
00002E86  0000              add [eax],al
00002E88  0000              add [eax],al
00002E8A  0000              add [eax],al
00002E8C  0000              add [eax],al
00002E8E  0000              add [eax],al
00002E90  0000              add [eax],al
00002E92  0000              add [eax],al
00002E94  0000              add [eax],al
00002E96  0000              add [eax],al
00002E98  0000              add [eax],al
00002E9A  0000              add [eax],al
00002E9C  0000              add [eax],al
00002E9E  0000              add [eax],al
00002EA0  0000              add [eax],al
00002EA2  0000              add [eax],al
00002EA4  0000              add [eax],al
00002EA6  0000              add [eax],al
00002EA8  0000              add [eax],al
00002EAA  0000              add [eax],al
00002EAC  0000              add [eax],al
00002EAE  0000              add [eax],al
00002EB0  0000              add [eax],al
00002EB2  0000              add [eax],al
00002EB4  0000              add [eax],al
00002EB6  0000              add [eax],al
00002EB8  0000              add [eax],al
00002EBA  0000              add [eax],al
00002EBC  0000              add [eax],al
00002EBE  0000              add [eax],al
00002EC0  0000              add [eax],al
00002EC2  0000              add [eax],al
00002EC4  0000              add [eax],al
00002EC6  0000              add [eax],al
00002EC8  0000              add [eax],al
00002ECA  0000              add [eax],al
00002ECC  0000              add [eax],al
00002ECE  0000              add [eax],al
00002ED0  0000              add [eax],al
00002ED2  0000              add [eax],al
00002ED4  0000              add [eax],al
00002ED6  0000              add [eax],al
00002ED8  0000              add [eax],al
00002EDA  0000              add [eax],al
00002EDC  0000              add [eax],al
00002EDE  0000              add [eax],al
00002EE0  0000              add [eax],al
00002EE2  0000              add [eax],al
00002EE4  0000              add [eax],al
00002EE6  0000              add [eax],al
00002EE8  0000              add [eax],al
00002EEA  0000              add [eax],al
00002EEC  0000              add [eax],al
00002EEE  0000              add [eax],al
00002EF0  0000              add [eax],al
00002EF2  0000              add [eax],al
00002EF4  0000              add [eax],al
00002EF6  0000              add [eax],al
00002EF8  0000              add [eax],al
00002EFA  0000              add [eax],al
00002EFC  0000              add [eax],al
00002EFE  0000              add [eax],al
00002F00  0000              add [eax],al
00002F02  0000              add [eax],al
00002F04  0000              add [eax],al
00002F06  0000              add [eax],al
00002F08  0000              add [eax],al
00002F0A  0000              add [eax],al
00002F0C  0000              add [eax],al
00002F0E  0000              add [eax],al
00002F10  0000              add [eax],al
00002F12  0000              add [eax],al
00002F14  0000              add [eax],al
00002F16  0000              add [eax],al
00002F18  0000              add [eax],al
00002F1A  0000              add [eax],al
00002F1C  0000              add [eax],al
00002F1E  0000              add [eax],al
00002F20  0000              add [eax],al
00002F22  0000              add [eax],al
00002F24  0000              add [eax],al
00002F26  0000              add [eax],al
00002F28  0000              add [eax],al
00002F2A  0000              add [eax],al
00002F2C  0000              add [eax],al
00002F2E  0000              add [eax],al
00002F30  0000              add [eax],al
00002F32  0000              add [eax],al
00002F34  0000              add [eax],al
00002F36  0000              add [eax],al
00002F38  0000              add [eax],al
00002F3A  0000              add [eax],al
00002F3C  0000              add [eax],al
00002F3E  0000              add [eax],al
00002F40  0000              add [eax],al
00002F42  0000              add [eax],al
00002F44  0000              add [eax],al
00002F46  0000              add [eax],al
00002F48  0000              add [eax],al
00002F4A  0000              add [eax],al
00002F4C  0000              add [eax],al
00002F4E  0000              add [eax],al
00002F50  0000              add [eax],al
00002F52  0000              add [eax],al
00002F54  0000              add [eax],al
00002F56  0000              add [eax],al
00002F58  0000              add [eax],al
00002F5A  0000              add [eax],al
00002F5C  0000              add [eax],al
00002F5E  0000              add [eax],al
00002F60  0000              add [eax],al
00002F62  0000              add [eax],al
00002F64  0000              add [eax],al
00002F66  0000              add [eax],al
00002F68  0000              add [eax],al
00002F6A  0000              add [eax],al
00002F6C  0000              add [eax],al
00002F6E  0000              add [eax],al
00002F70  0000              add [eax],al
00002F72  0000              add [eax],al
00002F74  0000              add [eax],al
00002F76  0000              add [eax],al
00002F78  0000              add [eax],al
00002F7A  0000              add [eax],al
00002F7C  0000              add [eax],al
00002F7E  0000              add [eax],al
00002F80  0000              add [eax],al
00002F82  0000              add [eax],al
00002F84  0000              add [eax],al
00002F86  0000              add [eax],al
00002F88  0000              add [eax],al
00002F8A  0000              add [eax],al
00002F8C  0000              add [eax],al
00002F8E  0000              add [eax],al
00002F90  0000              add [eax],al
00002F92  0000              add [eax],al
00002F94  0000              add [eax],al
00002F96  0000              add [eax],al
00002F98  0000              add [eax],al
00002F9A  0000              add [eax],al
00002F9C  0000              add [eax],al
00002F9E  0000              add [eax],al
00002FA0  0000              add [eax],al
00002FA2  0000              add [eax],al
00002FA4  0000              add [eax],al
00002FA6  0000              add [eax],al
00002FA8  0000              add [eax],al
00002FAA  0000              add [eax],al
00002FAC  0000              add [eax],al
00002FAE  0000              add [eax],al
00002FB0  0000              add [eax],al
00002FB2  0000              add [eax],al
00002FB4  0000              add [eax],al
00002FB6  0000              add [eax],al
00002FB8  0000              add [eax],al
00002FBA  0000              add [eax],al
00002FBC  0000              add [eax],al
00002FBE  0000              add [eax],al
00002FC0  0000              add [eax],al
00002FC2  0000              add [eax],al
00002FC4  0000              add [eax],al
00002FC6  0000              add [eax],al
00002FC8  0000              add [eax],al
00002FCA  0000              add [eax],al
00002FCC  0000              add [eax],al
00002FCE  0000              add [eax],al
00002FD0  0000              add [eax],al
00002FD2  0000              add [eax],al
00002FD4  0000              add [eax],al
00002FD6  0000              add [eax],al
00002FD8  0000              add [eax],al
00002FDA  0000              add [eax],al
00002FDC  0000              add [eax],al
00002FDE  0000              add [eax],al
00002FE0  0000              add [eax],al
00002FE2  0000              add [eax],al
00002FE4  0000              add [eax],al
00002FE6  0000              add [eax],al
00002FE8  0000              add [eax],al
00002FEA  0000              add [eax],al
00002FEC  0000              add [eax],al
00002FEE  0000              add [eax],al
00002FF0  0000              add [eax],al
00002FF2  0000              add [eax],al
00002FF4  0000              add [eax],al
00002FF6  0000              add [eax],al
00002FF8  0000              add [eax],al
00002FFA  0000              add [eax],al
00002FFC  0000              add [eax],al
00002FFE  0000              add [eax],al
00003000  0000              add [eax],al
00003002  0000              add [eax],al
00003004  0000              add [eax],al
00003006  0000              add [eax],al
00003008  0000              add [eax],al
0000300A  0000              add [eax],al
0000300C  0000              add [eax],al
0000300E  0000              add [eax],al
00003010  0000              add [eax],al
00003012  0000              add [eax],al
00003014  0000              add [eax],al
00003016  0000              add [eax],al
00003018  0000              add [eax],al
0000301A  0000              add [eax],al
0000301C  0000              add [eax],al
0000301E  0000              add [eax],al
00003020  0000              add [eax],al
00003022  0000              add [eax],al
00003024  0000              add [eax],al
00003026  0000              add [eax],al
00003028  0000              add [eax],al
0000302A  0000              add [eax],al
0000302C  0000              add [eax],al
0000302E  0000              add [eax],al
00003030  0000              add [eax],al
00003032  0000              add [eax],al
00003034  0000              add [eax],al
00003036  0000              add [eax],al
00003038  0000              add [eax],al
0000303A  0000              add [eax],al
0000303C  0000              add [eax],al
0000303E  0000              add [eax],al
00003040  0000              add [eax],al
00003042  0000              add [eax],al
00003044  0000              add [eax],al
00003046  0000              add [eax],al
00003048  0000              add [eax],al
0000304A  0000              add [eax],al
0000304C  0000              add [eax],al
0000304E  0000              add [eax],al
00003050  0000              add [eax],al
00003052  0000              add [eax],al
00003054  0000              add [eax],al
00003056  0000              add [eax],al
00003058  0000              add [eax],al
0000305A  0000              add [eax],al
0000305C  0000              add [eax],al
0000305E  0000              add [eax],al
00003060  0000              add [eax],al
00003062  0000              add [eax],al
00003064  0000              add [eax],al
00003066  0000              add [eax],al
00003068  0000              add [eax],al
0000306A  0000              add [eax],al
0000306C  0000              add [eax],al
0000306E  0000              add [eax],al
00003070  0000              add [eax],al
00003072  0000              add [eax],al
00003074  0000              add [eax],al
00003076  0000              add [eax],al
00003078  0000              add [eax],al
0000307A  0000              add [eax],al
0000307C  0000              add [eax],al
0000307E  0000              add [eax],al
00003080  0000              add [eax],al
00003082  0000              add [eax],al
00003084  0000              add [eax],al
00003086  0000              add [eax],al
00003088  0000              add [eax],al
0000308A  0000              add [eax],al
0000308C  0000              add [eax],al
0000308E  0000              add [eax],al
00003090  0000              add [eax],al
00003092  0000              add [eax],al
00003094  0000              add [eax],al
00003096  0000              add [eax],al
00003098  0000              add [eax],al
0000309A  0000              add [eax],al
0000309C  0000              add [eax],al
0000309E  0000              add [eax],al
000030A0  0000              add [eax],al
000030A2  0000              add [eax],al
000030A4  0000              add [eax],al
000030A6  0000              add [eax],al
000030A8  0000              add [eax],al
000030AA  0000              add [eax],al
000030AC  0000              add [eax],al
000030AE  0000              add [eax],al
000030B0  0000              add [eax],al
000030B2  0000              add [eax],al
000030B4  0000              add [eax],al
000030B6  0000              add [eax],al
000030B8  0000              add [eax],al
000030BA  0000              add [eax],al
000030BC  0000              add [eax],al
000030BE  0000              add [eax],al
000030C0  0000              add [eax],al
000030C2  0000              add [eax],al
000030C4  0000              add [eax],al
000030C6  0000              add [eax],al
000030C8  0000              add [eax],al
000030CA  0000              add [eax],al
000030CC  0000              add [eax],al
000030CE  0000              add [eax],al
000030D0  0000              add [eax],al
000030D2  0000              add [eax],al
000030D4  0000              add [eax],al
000030D6  0000              add [eax],al
000030D8  0000              add [eax],al
000030DA  0000              add [eax],al
000030DC  0000              add [eax],al
000030DE  0000              add [eax],al
000030E0  0000              add [eax],al
000030E2  0000              add [eax],al
000030E4  0000              add [eax],al
000030E6  0000              add [eax],al
000030E8  0000              add [eax],al
000030EA  0000              add [eax],al
000030EC  0000              add [eax],al
000030EE  0000              add [eax],al
000030F0  0000              add [eax],al
000030F2  0000              add [eax],al
000030F4  0000              add [eax],al
000030F6  0000              add [eax],al
000030F8  0000              add [eax],al
000030FA  0000              add [eax],al
000030FC  0000              add [eax],al
000030FE  0000              add [eax],al
00003100  0000              add [eax],al
00003102  0000              add [eax],al
00003104  0000              add [eax],al
00003106  0000              add [eax],al
00003108  0000              add [eax],al
0000310A  0000              add [eax],al
0000310C  0000              add [eax],al
0000310E  0000              add [eax],al
00003110  0000              add [eax],al
00003112  0000              add [eax],al
00003114  0000              add [eax],al
00003116  0000              add [eax],al
00003118  0000              add [eax],al
0000311A  0000              add [eax],al
0000311C  0000              add [eax],al
0000311E  0000              add [eax],al
00003120  0000              add [eax],al
00003122  0000              add [eax],al
00003124  0000              add [eax],al
00003126  0000              add [eax],al
00003128  0000              add [eax],al
0000312A  0000              add [eax],al
0000312C  0000              add [eax],al
0000312E  0000              add [eax],al
00003130  0000              add [eax],al
00003132  0000              add [eax],al
00003134  0000              add [eax],al
00003136  0000              add [eax],al
00003138  0000              add [eax],al
0000313A  0000              add [eax],al
0000313C  0000              add [eax],al
0000313E  0000              add [eax],al
00003140  0000              add [eax],al
00003142  0000              add [eax],al
00003144  0000              add [eax],al
00003146  0000              add [eax],al
00003148  0000              add [eax],al
0000314A  0000              add [eax],al
0000314C  0000              add [eax],al
0000314E  0000              add [eax],al
00003150  0000              add [eax],al
00003152  0000              add [eax],al
00003154  0000              add [eax],al
00003156  0000              add [eax],al
00003158  0000              add [eax],al
0000315A  0000              add [eax],al
0000315C  0000              add [eax],al
0000315E  0000              add [eax],al
00003160  0000              add [eax],al
00003162  0000              add [eax],al
00003164  0000              add [eax],al
00003166  0000              add [eax],al
00003168  0000              add [eax],al
0000316A  0000              add [eax],al
0000316C  0000              add [eax],al
0000316E  0000              add [eax],al
00003170  0000              add [eax],al
00003172  0000              add [eax],al
00003174  0000              add [eax],al
00003176  0000              add [eax],al
00003178  0000              add [eax],al
0000317A  0000              add [eax],al
0000317C  0000              add [eax],al
0000317E  0000              add [eax],al
00003180  0000              add [eax],al
00003182  0000              add [eax],al
00003184  0000              add [eax],al
00003186  0000              add [eax],al
00003188  0000              add [eax],al
0000318A  0000              add [eax],al
0000318C  0000              add [eax],al
0000318E  0000              add [eax],al
00003190  0000              add [eax],al
00003192  0000              add [eax],al
00003194  0000              add [eax],al
00003196  0000              add [eax],al
00003198  0000              add [eax],al
0000319A  0000              add [eax],al
0000319C  0000              add [eax],al
0000319E  0000              add [eax],al
000031A0  0000              add [eax],al
000031A2  0000              add [eax],al
000031A4  0000              add [eax],al
000031A6  0000              add [eax],al
000031A8  0000              add [eax],al
000031AA  0000              add [eax],al
000031AC  0000              add [eax],al
000031AE  0000              add [eax],al
000031B0  0000              add [eax],al
000031B2  0000              add [eax],al
000031B4  0000              add [eax],al
000031B6  0000              add [eax],al
000031B8  0000              add [eax],al
000031BA  0000              add [eax],al
000031BC  0000              add [eax],al
000031BE  0000              add [eax],al
000031C0  0000              add [eax],al
000031C2  0000              add [eax],al
000031C4  0000              add [eax],al
000031C6  0000              add [eax],al
000031C8  0000              add [eax],al
000031CA  0000              add [eax],al
000031CC  0000              add [eax],al
000031CE  0000              add [eax],al
000031D0  0000              add [eax],al
000031D2  0000              add [eax],al
000031D4  0000              add [eax],al
000031D6  0000              add [eax],al
000031D8  0000              add [eax],al
000031DA  0000              add [eax],al
000031DC  0000              add [eax],al
000031DE  0000              add [eax],al
000031E0  0000              add [eax],al
000031E2  0000              add [eax],al
000031E4  0000              add [eax],al
000031E6  0000              add [eax],al
000031E8  0000              add [eax],al
000031EA  0000              add [eax],al
000031EC  0000              add [eax],al
000031EE  0000              add [eax],al
000031F0  0000              add [eax],al
000031F2  0000              add [eax],al
000031F4  0000              add [eax],al
000031F6  0000              add [eax],al
000031F8  0000              add [eax],al
000031FA  0000              add [eax],al
000031FC  0000              add [eax],al
000031FE  0000              add [eax],al
00003200  0000              add [eax],al
00003202  0000              add [eax],al
00003204  0000              add [eax],al
00003206  0000              add [eax],al
00003208  0000              add [eax],al
0000320A  0000              add [eax],al
0000320C  0000              add [eax],al
0000320E  0000              add [eax],al
00003210  0000              add [eax],al
00003212  0000              add [eax],al
00003214  0000              add [eax],al
00003216  0000              add [eax],al
00003218  0000              add [eax],al
0000321A  0000              add [eax],al
0000321C  0000              add [eax],al
0000321E  0000              add [eax],al
00003220  0000              add [eax],al
00003222  0000              add [eax],al
00003224  0000              add [eax],al
00003226  0000              add [eax],al
00003228  0000              add [eax],al
0000322A  0000              add [eax],al
0000322C  0000              add [eax],al
0000322E  0000              add [eax],al
00003230  0000              add [eax],al
00003232  0000              add [eax],al
00003234  0000              add [eax],al
00003236  0000              add [eax],al
00003238  0000              add [eax],al
0000323A  0000              add [eax],al
0000323C  0000              add [eax],al
0000323E  0000              add [eax],al
00003240  0000              add [eax],al
00003242  0000              add [eax],al
00003244  0000              add [eax],al
00003246  0000              add [eax],al
00003248  0000              add [eax],al
0000324A  0000              add [eax],al
0000324C  0000              add [eax],al
0000324E  0000              add [eax],al
00003250  0000              add [eax],al
00003252  0000              add [eax],al
00003254  0000              add [eax],al
00003256  0000              add [eax],al
00003258  0000              add [eax],al
0000325A  0000              add [eax],al
0000325C  0000              add [eax],al
0000325E  0000              add [eax],al
00003260  0000              add [eax],al
00003262  0000              add [eax],al
00003264  0000              add [eax],al
00003266  0000              add [eax],al
00003268  0000              add [eax],al
0000326A  0000              add [eax],al
0000326C  0000              add [eax],al
0000326E  0000              add [eax],al
00003270  0000              add [eax],al
00003272  0000              add [eax],al
00003274  0000              add [eax],al
00003276  0000              add [eax],al
00003278  0000              add [eax],al
0000327A  0000              add [eax],al
0000327C  0000              add [eax],al
0000327E  0000              add [eax],al
00003280  0000              add [eax],al
00003282  0000              add [eax],al
00003284  0000              add [eax],al
00003286  0000              add [eax],al
00003288  0000              add [eax],al
0000328A  0000              add [eax],al
0000328C  0000              add [eax],al
0000328E  0000              add [eax],al
00003290  0000              add [eax],al
00003292  0000              add [eax],al
00003294  0000              add [eax],al
00003296  0000              add [eax],al
00003298  0000              add [eax],al
0000329A  0000              add [eax],al
0000329C  0000              add [eax],al
0000329E  0000              add [eax],al
000032A0  0000              add [eax],al
000032A2  0000              add [eax],al
000032A4  0000              add [eax],al
000032A6  0000              add [eax],al
000032A8  0000              add [eax],al
000032AA  0000              add [eax],al
000032AC  0000              add [eax],al
000032AE  0000              add [eax],al
000032B0  0000              add [eax],al
000032B2  0000              add [eax],al
000032B4  0000              add [eax],al
000032B6  0000              add [eax],al
000032B8  0000              add [eax],al
000032BA  0000              add [eax],al
000032BC  0000              add [eax],al
000032BE  0000              add [eax],al
000032C0  0000              add [eax],al
000032C2  0000              add [eax],al
000032C4  0000              add [eax],al
000032C6  0000              add [eax],al
000032C8  0000              add [eax],al
000032CA  0000              add [eax],al
000032CC  0000              add [eax],al
000032CE  0000              add [eax],al
000032D0  0000              add [eax],al
000032D2  0000              add [eax],al
000032D4  0000              add [eax],al
000032D6  0000              add [eax],al
000032D8  0000              add [eax],al
000032DA  0000              add [eax],al
000032DC  0000              add [eax],al
000032DE  0000              add [eax],al
000032E0  0000              add [eax],al
000032E2  0000              add [eax],al
000032E4  0000              add [eax],al
000032E6  0000              add [eax],al
000032E8  0000              add [eax],al
000032EA  0000              add [eax],al
000032EC  0000              add [eax],al
000032EE  0000              add [eax],al
000032F0  0000              add [eax],al
000032F2  0000              add [eax],al
000032F4  0000              add [eax],al
000032F6  0000              add [eax],al
000032F8  0000              add [eax],al
000032FA  0000              add [eax],al
000032FC  0000              add [eax],al
000032FE  0000              add [eax],al
00003300  0000              add [eax],al
00003302  0000              add [eax],al
00003304  0000              add [eax],al
00003306  0000              add [eax],al
00003308  0000              add [eax],al
0000330A  0000              add [eax],al
0000330C  0000              add [eax],al
0000330E  0000              add [eax],al
00003310  0000              add [eax],al
00003312  0000              add [eax],al
00003314  0000              add [eax],al
00003316  0000              add [eax],al
00003318  0000              add [eax],al
0000331A  0000              add [eax],al
0000331C  0000              add [eax],al
0000331E  0000              add [eax],al
00003320  0000              add [eax],al
00003322  0000              add [eax],al
00003324  0000              add [eax],al
00003326  0000              add [eax],al
00003328  0000              add [eax],al
0000332A  0000              add [eax],al
0000332C  0000              add [eax],al
0000332E  0000              add [eax],al
00003330  0000              add [eax],al
00003332  0000              add [eax],al
00003334  0000              add [eax],al
00003336  0000              add [eax],al
00003338  0000              add [eax],al
0000333A  0000              add [eax],al
0000333C  0000              add [eax],al
0000333E  0000              add [eax],al
00003340  0000              add [eax],al
00003342  0000              add [eax],al
00003344  0000              add [eax],al
00003346  0000              add [eax],al
00003348  0000              add [eax],al
0000334A  0000              add [eax],al
0000334C  0000              add [eax],al
0000334E  0000              add [eax],al
00003350  0000              add [eax],al
00003352  0000              add [eax],al
00003354  0000              add [eax],al
00003356  0000              add [eax],al
00003358  0000              add [eax],al
0000335A  0000              add [eax],al
0000335C  0000              add [eax],al
0000335E  0000              add [eax],al
00003360  0000              add [eax],al
00003362  0000              add [eax],al
00003364  0000              add [eax],al
00003366  0000              add [eax],al
00003368  0000              add [eax],al
0000336A  0000              add [eax],al
0000336C  0000              add [eax],al
0000336E  0000              add [eax],al
00003370  0000              add [eax],al
00003372  0000              add [eax],al
00003374  0000              add [eax],al
00003376  0000              add [eax],al
00003378  0000              add [eax],al
0000337A  0000              add [eax],al
0000337C  0000              add [eax],al
0000337E  0000              add [eax],al
00003380  0000              add [eax],al
00003382  0000              add [eax],al
00003384  0000              add [eax],al
00003386  0000              add [eax],al
00003388  0000              add [eax],al
0000338A  0000              add [eax],al
0000338C  0000              add [eax],al
0000338E  0000              add [eax],al
00003390  0000              add [eax],al
00003392  0000              add [eax],al
00003394  0000              add [eax],al
00003396  0000              add [eax],al
00003398  0000              add [eax],al
0000339A  0000              add [eax],al
0000339C  0000              add [eax],al
0000339E  0000              add [eax],al
000033A0  0000              add [eax],al
000033A2  0000              add [eax],al
000033A4  0000              add [eax],al
000033A6  0000              add [eax],al
000033A8  0000              add [eax],al
000033AA  0000              add [eax],al
000033AC  0000              add [eax],al
000033AE  0000              add [eax],al
000033B0  0000              add [eax],al
000033B2  0000              add [eax],al
000033B4  0000              add [eax],al
000033B6  0000              add [eax],al
000033B8  0000              add [eax],al
000033BA  0000              add [eax],al
000033BC  0000              add [eax],al
000033BE  0000              add [eax],al
000033C0  0000              add [eax],al
000033C2  0000              add [eax],al
000033C4  0000              add [eax],al
000033C6  0000              add [eax],al
000033C8  0000              add [eax],al
000033CA  0000              add [eax],al
000033CC  0000              add [eax],al
000033CE  0000              add [eax],al
000033D0  0000              add [eax],al
000033D2  0000              add [eax],al
000033D4  0000              add [eax],al
000033D6  0000              add [eax],al
000033D8  0000              add [eax],al
000033DA  0000              add [eax],al
000033DC  0000              add [eax],al
000033DE  0000              add [eax],al
000033E0  0000              add [eax],al
000033E2  0000              add [eax],al
000033E4  0000              add [eax],al
000033E6  0000              add [eax],al
000033E8  0000              add [eax],al
000033EA  0000              add [eax],al
000033EC  0000              add [eax],al
000033EE  0000              add [eax],al
000033F0  0000              add [eax],al
000033F2  0000              add [eax],al
000033F4  0000              add [eax],al
000033F6  0000              add [eax],al
000033F8  0000              add [eax],al
000033FA  0000              add [eax],al
000033FC  0000              add [eax],al
000033FE  0000              add [eax],al
00003400  0000              add [eax],al
00003402  0000              add [eax],al
00003404  0000              add [eax],al
00003406  0000              add [eax],al
00003408  0000              add [eax],al
0000340A  0000              add [eax],al
0000340C  0000              add [eax],al
0000340E  0000              add [eax],al
00003410  0000              add [eax],al
00003412  0000              add [eax],al
00003414  0000              add [eax],al
00003416  0000              add [eax],al
00003418  0000              add [eax],al
0000341A  0000              add [eax],al
0000341C  0000              add [eax],al
0000341E  0000              add [eax],al
00003420  0000              add [eax],al
00003422  0000              add [eax],al
00003424  0000              add [eax],al
00003426  0000              add [eax],al
00003428  0000              add [eax],al
0000342A  0000              add [eax],al
0000342C  0000              add [eax],al
0000342E  0000              add [eax],al
00003430  0000              add [eax],al
00003432  0000              add [eax],al
00003434  0000              add [eax],al
00003436  0000              add [eax],al
00003438  0000              add [eax],al
0000343A  0000              add [eax],al
0000343C  0000              add [eax],al
0000343E  0000              add [eax],al
00003440  0000              add [eax],al
00003442  0000              add [eax],al
00003444  0000              add [eax],al
00003446  0000              add [eax],al
00003448  0000              add [eax],al
0000344A  0000              add [eax],al
0000344C  0000              add [eax],al
0000344E  0000              add [eax],al
00003450  0000              add [eax],al
00003452  0000              add [eax],al
00003454  0000              add [eax],al
00003456  0000              add [eax],al
00003458  0000              add [eax],al
0000345A  0000              add [eax],al
0000345C  0000              add [eax],al
0000345E  0000              add [eax],al
00003460  0000              add [eax],al
00003462  0000              add [eax],al
00003464  0000              add [eax],al
00003466  0000              add [eax],al
00003468  0000              add [eax],al
0000346A  0000              add [eax],al
0000346C  0000              add [eax],al
0000346E  0000              add [eax],al
00003470  0000              add [eax],al
00003472  0000              add [eax],al
00003474  0000              add [eax],al
00003476  0000              add [eax],al
00003478  0000              add [eax],al
0000347A  0000              add [eax],al
0000347C  0000              add [eax],al
0000347E  0000              add [eax],al
00003480  0000              add [eax],al
00003482  0000              add [eax],al
00003484  0000              add [eax],al
00003486  0000              add [eax],al
00003488  0000              add [eax],al
0000348A  0000              add [eax],al
0000348C  0000              add [eax],al
0000348E  0000              add [eax],al
00003490  0000              add [eax],al
00003492  0000              add [eax],al
00003494  0000              add [eax],al
00003496  0000              add [eax],al
00003498  0000              add [eax],al
0000349A  0000              add [eax],al
0000349C  0000              add [eax],al
0000349E  0000              add [eax],al
000034A0  0000              add [eax],al
000034A2  0000              add [eax],al
000034A4  0000              add [eax],al
000034A6  0000              add [eax],al
000034A8  0000              add [eax],al
000034AA  0000              add [eax],al
000034AC  0000              add [eax],al
000034AE  0000              add [eax],al
000034B0  0000              add [eax],al
000034B2  0000              add [eax],al
000034B4  0000              add [eax],al
000034B6  0000              add [eax],al
000034B8  0000              add [eax],al
000034BA  0000              add [eax],al
000034BC  0000              add [eax],al
000034BE  0000              add [eax],al
000034C0  0000              add [eax],al
000034C2  0000              add [eax],al
000034C4  0000              add [eax],al
000034C6  0000              add [eax],al
000034C8  0000              add [eax],al
000034CA  0000              add [eax],al
000034CC  0000              add [eax],al
000034CE  0000              add [eax],al
000034D0  0000              add [eax],al
000034D2  0000              add [eax],al
000034D4  0000              add [eax],al
000034D6  0000              add [eax],al
000034D8  0000              add [eax],al
000034DA  0000              add [eax],al
000034DC  0000              add [eax],al
000034DE  0000              add [eax],al
000034E0  0000              add [eax],al
000034E2  0000              add [eax],al
000034E4  0000              add [eax],al
000034E6  0000              add [eax],al
000034E8  0000              add [eax],al
000034EA  0000              add [eax],al
000034EC  0000              add [eax],al
000034EE  0000              add [eax],al
000034F0  0000              add [eax],al
000034F2  0000              add [eax],al
000034F4  0000              add [eax],al
000034F6  0000              add [eax],al
000034F8  0000              add [eax],al
000034FA  0000              add [eax],al
000034FC  0000              add [eax],al
000034FE  0000              add [eax],al
00003500  0000              add [eax],al
00003502  0000              add [eax],al
00003504  0000              add [eax],al
00003506  0000              add [eax],al
00003508  0000              add [eax],al
0000350A  0000              add [eax],al
0000350C  0000              add [eax],al
0000350E  0000              add [eax],al
00003510  0000              add [eax],al
00003512  0000              add [eax],al
00003514  0000              add [eax],al
00003516  0000              add [eax],al
00003518  0000              add [eax],al
0000351A  0000              add [eax],al
0000351C  0000              add [eax],al
0000351E  0000              add [eax],al
00003520  0000              add [eax],al
00003522  0000              add [eax],al
00003524  0000              add [eax],al
00003526  0000              add [eax],al
00003528  0000              add [eax],al
0000352A  0000              add [eax],al
0000352C  0000              add [eax],al
0000352E  0000              add [eax],al
00003530  0000              add [eax],al
00003532  0000              add [eax],al
00003534  0000              add [eax],al
00003536  0000              add [eax],al
00003538  0000              add [eax],al
0000353A  0000              add [eax],al
0000353C  0000              add [eax],al
0000353E  0000              add [eax],al
00003540  0000              add [eax],al
00003542  0000              add [eax],al
00003544  0000              add [eax],al
00003546  0000              add [eax],al
00003548  0000              add [eax],al
0000354A  0000              add [eax],al
0000354C  0000              add [eax],al
0000354E  0000              add [eax],al
00003550  0000              add [eax],al
00003552  0000              add [eax],al
00003554  0000              add [eax],al
00003556  0000              add [eax],al
00003558  0000              add [eax],al
0000355A  0000              add [eax],al
0000355C  0000              add [eax],al
0000355E  0000              add [eax],al
00003560  0000              add [eax],al
00003562  0000              add [eax],al
00003564  0000              add [eax],al
00003566  0000              add [eax],al
00003568  0000              add [eax],al
0000356A  0000              add [eax],al
0000356C  0000              add [eax],al
0000356E  0000              add [eax],al
00003570  0000              add [eax],al
00003572  0000              add [eax],al
00003574  0000              add [eax],al
00003576  0000              add [eax],al
00003578  0000              add [eax],al
0000357A  0000              add [eax],al
0000357C  0000              add [eax],al
0000357E  0000              add [eax],al
00003580  0000              add [eax],al
00003582  0000              add [eax],al
00003584  0000              add [eax],al
00003586  0000              add [eax],al
00003588  0000              add [eax],al
0000358A  0000              add [eax],al
0000358C  0000              add [eax],al
0000358E  0000              add [eax],al
00003590  0000              add [eax],al
00003592  0000              add [eax],al
00003594  0000              add [eax],al
00003596  0000              add [eax],al
00003598  0000              add [eax],al
0000359A  0000              add [eax],al
0000359C  0000              add [eax],al
0000359E  0000              add [eax],al
000035A0  0000              add [eax],al
000035A2  0000              add [eax],al
000035A4  0000              add [eax],al
000035A6  0000              add [eax],al
000035A8  0000              add [eax],al
000035AA  0000              add [eax],al
000035AC  0000              add [eax],al
000035AE  0000              add [eax],al
000035B0  0000              add [eax],al
000035B2  0000              add [eax],al
000035B4  0000              add [eax],al
000035B6  0000              add [eax],al
000035B8  0000              add [eax],al
000035BA  0000              add [eax],al
000035BC  0000              add [eax],al
000035BE  0000              add [eax],al
000035C0  0000              add [eax],al
000035C2  0000              add [eax],al
000035C4  0000              add [eax],al
000035C6  0000              add [eax],al
000035C8  0000              add [eax],al
000035CA  0000              add [eax],al
000035CC  0000              add [eax],al
000035CE  0000              add [eax],al
000035D0  0000              add [eax],al
000035D2  0000              add [eax],al
000035D4  0000              add [eax],al
000035D6  0000              add [eax],al
000035D8  0000              add [eax],al
000035DA  0000              add [eax],al
000035DC  0000              add [eax],al
000035DE  0000              add [eax],al
000035E0  0000              add [eax],al
000035E2  0000              add [eax],al
000035E4  0000              add [eax],al
000035E6  0000              add [eax],al
000035E8  0000              add [eax],al
000035EA  0000              add [eax],al
000035EC  0000              add [eax],al
000035EE  0000              add [eax],al
000035F0  0000              add [eax],al
000035F2  0000              add [eax],al
000035F4  0000              add [eax],al
000035F6  0000              add [eax],al
000035F8  0000              add [eax],al
000035FA  0000              add [eax],al
000035FC  0000              add [eax],al
000035FE  0000              add [eax],al
00003600  0000              add [eax],al
00003602  0000              add [eax],al
00003604  0000              add [eax],al
00003606  0000              add [eax],al
00003608  0000              add [eax],al
0000360A  0000              add [eax],al
0000360C  0000              add [eax],al
0000360E  0000              add [eax],al
00003610  0000              add [eax],al
00003612  0000              add [eax],al
00003614  0000              add [eax],al
00003616  0000              add [eax],al
00003618  0000              add [eax],al
0000361A  0000              add [eax],al
0000361C  0000              add [eax],al
0000361E  0000              add [eax],al
00003620  0000              add [eax],al
00003622  0000              add [eax],al
00003624  0000              add [eax],al
00003626  0000              add [eax],al
00003628  0000              add [eax],al
0000362A  0000              add [eax],al
0000362C  0000              add [eax],al
0000362E  0000              add [eax],al
00003630  0000              add [eax],al
00003632  0000              add [eax],al
00003634  0000              add [eax],al
00003636  0000              add [eax],al
00003638  0000              add [eax],al
0000363A  0000              add [eax],al
0000363C  0000              add [eax],al
0000363E  0000              add [eax],al
00003640  0000              add [eax],al
00003642  0000              add [eax],al
00003644  0000              add [eax],al
00003646  0000              add [eax],al
00003648  0000              add [eax],al
0000364A  0000              add [eax],al
0000364C  0000              add [eax],al
0000364E  0000              add [eax],al
00003650  0000              add [eax],al
00003652  0000              add [eax],al
00003654  0000              add [eax],al
00003656  0000              add [eax],al
00003658  0000              add [eax],al
0000365A  0000              add [eax],al
0000365C  0000              add [eax],al
0000365E  0000              add [eax],al
00003660  0000              add [eax],al
00003662  0000              add [eax],al
00003664  0000              add [eax],al
00003666  0000              add [eax],al
00003668  0000              add [eax],al
0000366A  0000              add [eax],al
0000366C  0000              add [eax],al
0000366E  0000              add [eax],al
00003670  0000              add [eax],al
00003672  0000              add [eax],al
00003674  0000              add [eax],al
00003676  0000              add [eax],al
00003678  0000              add [eax],al
0000367A  0000              add [eax],al
0000367C  0000              add [eax],al
0000367E  0000              add [eax],al
00003680  0000              add [eax],al
00003682  0000              add [eax],al
00003684  0000              add [eax],al
00003686  0000              add [eax],al
00003688  0000              add [eax],al
0000368A  0000              add [eax],al
0000368C  0000              add [eax],al
0000368E  0000              add [eax],al
00003690  0000              add [eax],al
00003692  0000              add [eax],al
00003694  0000              add [eax],al
00003696  0000              add [eax],al
00003698  0000              add [eax],al
0000369A  0000              add [eax],al
0000369C  0000              add [eax],al
0000369E  0000              add [eax],al
000036A0  0000              add [eax],al
000036A2  0000              add [eax],al
000036A4  0000              add [eax],al
000036A6  0000              add [eax],al
000036A8  0000              add [eax],al
000036AA  0000              add [eax],al
000036AC  0000              add [eax],al
000036AE  0000              add [eax],al
000036B0  0000              add [eax],al
000036B2  0000              add [eax],al
000036B4  0000              add [eax],al
000036B6  0000              add [eax],al
000036B8  0000              add [eax],al
000036BA  0000              add [eax],al
000036BC  0000              add [eax],al
000036BE  0000              add [eax],al
000036C0  0000              add [eax],al
000036C2  0000              add [eax],al
000036C4  0000              add [eax],al
000036C6  0000              add [eax],al
000036C8  0000              add [eax],al
000036CA  0000              add [eax],al
000036CC  0000              add [eax],al
000036CE  0000              add [eax],al
000036D0  0000              add [eax],al
000036D2  0000              add [eax],al
000036D4  0000              add [eax],al
000036D6  0000              add [eax],al
000036D8  0000              add [eax],al
000036DA  0000              add [eax],al
000036DC  0000              add [eax],al
000036DE  0000              add [eax],al
000036E0  0000              add [eax],al
000036E2  0000              add [eax],al
000036E4  0000              add [eax],al
000036E6  0000              add [eax],al
000036E8  0000              add [eax],al
000036EA  0000              add [eax],al
000036EC  0000              add [eax],al
000036EE  0000              add [eax],al
000036F0  0000              add [eax],al
000036F2  0000              add [eax],al
000036F4  0000              add [eax],al
000036F6  0000              add [eax],al
000036F8  0000              add [eax],al
000036FA  0000              add [eax],al
000036FC  0000              add [eax],al
000036FE  0000              add [eax],al
00003700  0000              add [eax],al
00003702  0000              add [eax],al
00003704  0000              add [eax],al
00003706  0000              add [eax],al
00003708  0000              add [eax],al
0000370A  0000              add [eax],al
0000370C  0000              add [eax],al
0000370E  0000              add [eax],al
00003710  0000              add [eax],al
00003712  0000              add [eax],al
00003714  0000              add [eax],al
00003716  0000              add [eax],al
00003718  0000              add [eax],al
0000371A  0000              add [eax],al
0000371C  0000              add [eax],al
0000371E  0000              add [eax],al
00003720  0000              add [eax],al
00003722  0000              add [eax],al
00003724  0000              add [eax],al
00003726  0000              add [eax],al
00003728  0000              add [eax],al
0000372A  0000              add [eax],al
0000372C  0000              add [eax],al
0000372E  0000              add [eax],al
00003730  0000              add [eax],al
00003732  0000              add [eax],al
00003734  0000              add [eax],al
00003736  0000              add [eax],al
00003738  0000              add [eax],al
0000373A  0000              add [eax],al
0000373C  0000              add [eax],al
0000373E  0000              add [eax],al
00003740  0000              add [eax],al
00003742  0000              add [eax],al
00003744  0000              add [eax],al
00003746  0000              add [eax],al
00003748  0000              add [eax],al
0000374A  0000              add [eax],al
0000374C  0000              add [eax],al
0000374E  0000              add [eax],al
00003750  0000              add [eax],al
00003752  0000              add [eax],al
00003754  0000              add [eax],al
00003756  0000              add [eax],al
00003758  0000              add [eax],al
0000375A  0000              add [eax],al
0000375C  0000              add [eax],al
0000375E  0000              add [eax],al
00003760  0000              add [eax],al
00003762  0000              add [eax],al
00003764  0000              add [eax],al
00003766  0000              add [eax],al
00003768  0000              add [eax],al
0000376A  0000              add [eax],al
0000376C  0000              add [eax],al
0000376E  0000              add [eax],al
00003770  0000              add [eax],al
00003772  0000              add [eax],al
00003774  0000              add [eax],al
00003776  0000              add [eax],al
00003778  0000              add [eax],al
0000377A  0000              add [eax],al
0000377C  0000              add [eax],al
0000377E  0000              add [eax],al
00003780  0000              add [eax],al
00003782  0000              add [eax],al
00003784  0000              add [eax],al
00003786  0000              add [eax],al
00003788  0000              add [eax],al
0000378A  0000              add [eax],al
0000378C  0000              add [eax],al
0000378E  0000              add [eax],al
00003790  0000              add [eax],al
00003792  0000              add [eax],al
00003794  0000              add [eax],al
00003796  0000              add [eax],al
00003798  0000              add [eax],al
0000379A  0000              add [eax],al
0000379C  0000              add [eax],al
0000379E  0000              add [eax],al
000037A0  0000              add [eax],al
000037A2  0000              add [eax],al
000037A4  0000              add [eax],al
000037A6  0000              add [eax],al
000037A8  0000              add [eax],al
000037AA  0000              add [eax],al
000037AC  0000              add [eax],al
000037AE  0000              add [eax],al
000037B0  0000              add [eax],al
000037B2  0000              add [eax],al
000037B4  0000              add [eax],al
000037B6  0000              add [eax],al
000037B8  0000              add [eax],al
000037BA  0000              add [eax],al
000037BC  0000              add [eax],al
000037BE  0000              add [eax],al
000037C0  0000              add [eax],al
000037C2  0000              add [eax],al
000037C4  0000              add [eax],al
000037C6  0000              add [eax],al
000037C8  0000              add [eax],al
000037CA  0000              add [eax],al
000037CC  0000              add [eax],al
000037CE  0000              add [eax],al
000037D0  0000              add [eax],al
000037D2  0000              add [eax],al
000037D4  0000              add [eax],al
000037D6  0000              add [eax],al
000037D8  0000              add [eax],al
000037DA  0000              add [eax],al
000037DC  0000              add [eax],al
000037DE  0000              add [eax],al
000037E0  0000              add [eax],al
000037E2  0000              add [eax],al
000037E4  0000              add [eax],al
000037E6  0000              add [eax],al
000037E8  0000              add [eax],al
000037EA  0000              add [eax],al
000037EC  0000              add [eax],al
000037EE  0000              add [eax],al
000037F0  0000              add [eax],al
000037F2  0000              add [eax],al
000037F4  0000              add [eax],al
000037F6  0000              add [eax],al
000037F8  0000              add [eax],al
000037FA  0000              add [eax],al
000037FC  0000              add [eax],al
000037FE  0000              add [eax],al
00003800  0000              add [eax],al
00003802  0000              add [eax],al
00003804  0000              add [eax],al
00003806  0000              add [eax],al
00003808  0000              add [eax],al
0000380A  0000              add [eax],al
0000380C  0000              add [eax],al
0000380E  0000              add [eax],al
00003810  0000              add [eax],al
00003812  0000              add [eax],al
00003814  0000              add [eax],al
00003816  0000              add [eax],al
00003818  0000              add [eax],al
0000381A  0000              add [eax],al
0000381C  0000              add [eax],al
0000381E  0000              add [eax],al
00003820  0000              add [eax],al
00003822  0000              add [eax],al
00003824  0000              add [eax],al
00003826  0000              add [eax],al
00003828  0000              add [eax],al
0000382A  0000              add [eax],al
0000382C  0000              add [eax],al
0000382E  0000              add [eax],al
00003830  0000              add [eax],al
00003832  0000              add [eax],al
00003834  0000              add [eax],al
00003836  0000              add [eax],al
00003838  0000              add [eax],al
0000383A  0000              add [eax],al
0000383C  0000              add [eax],al
0000383E  0000              add [eax],al
00003840  0000              add [eax],al
00003842  0000              add [eax],al
00003844  0000              add [eax],al
00003846  0000              add [eax],al
00003848  0000              add [eax],al
0000384A  0000              add [eax],al
0000384C  0000              add [eax],al
0000384E  0000              add [eax],al
00003850  0000              add [eax],al
00003852  0000              add [eax],al
00003854  0000              add [eax],al
00003856  0000              add [eax],al
00003858  0000              add [eax],al
0000385A  0000              add [eax],al
0000385C  0000              add [eax],al
0000385E  0000              add [eax],al
00003860  0000              add [eax],al
00003862  0000              add [eax],al
00003864  0000              add [eax],al
00003866  0000              add [eax],al
00003868  0000              add [eax],al
0000386A  0000              add [eax],al
0000386C  0000              add [eax],al
0000386E  0000              add [eax],al
00003870  0000              add [eax],al
00003872  0000              add [eax],al
00003874  0000              add [eax],al
00003876  0000              add [eax],al
00003878  0000              add [eax],al
0000387A  0000              add [eax],al
0000387C  0000              add [eax],al
0000387E  0000              add [eax],al
00003880  0000              add [eax],al
00003882  0000              add [eax],al
00003884  0000              add [eax],al
00003886  0000              add [eax],al
00003888  0000              add [eax],al
0000388A  0000              add [eax],al
0000388C  0000              add [eax],al
0000388E  0000              add [eax],al
00003890  0000              add [eax],al
00003892  0000              add [eax],al
00003894  0000              add [eax],al
00003896  0000              add [eax],al
00003898  0000              add [eax],al
0000389A  0000              add [eax],al
0000389C  0000              add [eax],al
0000389E  0000              add [eax],al
000038A0  0000              add [eax],al
000038A2  0000              add [eax],al
000038A4  0000              add [eax],al
000038A6  0000              add [eax],al
000038A8  0000              add [eax],al
000038AA  0000              add [eax],al
000038AC  0000              add [eax],al
000038AE  0000              add [eax],al
000038B0  0000              add [eax],al
000038B2  0000              add [eax],al
000038B4  0000              add [eax],al
000038B6  0000              add [eax],al
000038B8  0000              add [eax],al
000038BA  0000              add [eax],al
000038BC  0000              add [eax],al
000038BE  0000              add [eax],al
000038C0  0000              add [eax],al
000038C2  0000              add [eax],al
000038C4  0000              add [eax],al
000038C6  0000              add [eax],al
000038C8  0000              add [eax],al
000038CA  0000              add [eax],al
000038CC  0000              add [eax],al
000038CE  0000              add [eax],al
000038D0  0000              add [eax],al
000038D2  0000              add [eax],al
000038D4  0000              add [eax],al
000038D6  0000              add [eax],al
000038D8  0000              add [eax],al
000038DA  0000              add [eax],al
000038DC  0000              add [eax],al
000038DE  0000              add [eax],al
000038E0  0000              add [eax],al
000038E2  0000              add [eax],al
000038E4  0000              add [eax],al
000038E6  0000              add [eax],al
000038E8  0000              add [eax],al
000038EA  0000              add [eax],al
000038EC  0000              add [eax],al
000038EE  0000              add [eax],al
000038F0  0000              add [eax],al
000038F2  0000              add [eax],al
000038F4  0000              add [eax],al
000038F6  0000              add [eax],al
000038F8  0000              add [eax],al
000038FA  0000              add [eax],al
000038FC  0000              add [eax],al
000038FE  0000              add [eax],al
00003900  0000              add [eax],al
00003902  0000              add [eax],al
00003904  0000              add [eax],al
00003906  0000              add [eax],al
00003908  0000              add [eax],al
0000390A  0000              add [eax],al
0000390C  0000              add [eax],al
0000390E  0000              add [eax],al
00003910  0000              add [eax],al
00003912  0000              add [eax],al
00003914  0000              add [eax],al
00003916  0000              add [eax],al
00003918  0000              add [eax],al
0000391A  0000              add [eax],al
0000391C  0000              add [eax],al
0000391E  0000              add [eax],al
00003920  0000              add [eax],al
00003922  0000              add [eax],al
00003924  0000              add [eax],al
00003926  0000              add [eax],al
00003928  0000              add [eax],al
0000392A  0000              add [eax],al
0000392C  0000              add [eax],al
0000392E  0000              add [eax],al
00003930  0000              add [eax],al
00003932  0000              add [eax],al
00003934  0000              add [eax],al
00003936  0000              add [eax],al
00003938  0000              add [eax],al
0000393A  0000              add [eax],al
0000393C  0000              add [eax],al
0000393E  0000              add [eax],al
00003940  0000              add [eax],al
00003942  0000              add [eax],al
00003944  0000              add [eax],al
00003946  0000              add [eax],al
00003948  0000              add [eax],al
0000394A  0000              add [eax],al
0000394C  0000              add [eax],al
0000394E  0000              add [eax],al
00003950  0000              add [eax],al
00003952  0000              add [eax],al
00003954  0000              add [eax],al
00003956  0000              add [eax],al
00003958  0000              add [eax],al
0000395A  0000              add [eax],al
0000395C  0000              add [eax],al
0000395E  0000              add [eax],al
00003960  0000              add [eax],al
00003962  0000              add [eax],al
00003964  0000              add [eax],al
00003966  0000              add [eax],al
00003968  0000              add [eax],al
0000396A  0000              add [eax],al
0000396C  0000              add [eax],al
0000396E  0000              add [eax],al
00003970  0000              add [eax],al
00003972  0000              add [eax],al
00003974  0000              add [eax],al
00003976  0000              add [eax],al
00003978  0000              add [eax],al
0000397A  0000              add [eax],al
0000397C  0000              add [eax],al
0000397E  0000              add [eax],al
00003980  0000              add [eax],al
00003982  0000              add [eax],al
00003984  0000              add [eax],al
00003986  0000              add [eax],al
00003988  0000              add [eax],al
0000398A  0000              add [eax],al
0000398C  0000              add [eax],al
0000398E  0000              add [eax],al
00003990  0000              add [eax],al
00003992  0000              add [eax],al
00003994  0000              add [eax],al
00003996  0000              add [eax],al
00003998  0000              add [eax],al
0000399A  0000              add [eax],al
0000399C  0000              add [eax],al
0000399E  0000              add [eax],al
000039A0  0000              add [eax],al
000039A2  0000              add [eax],al
000039A4  0000              add [eax],al
000039A6  0000              add [eax],al
000039A8  0000              add [eax],al
000039AA  0000              add [eax],al
000039AC  0000              add [eax],al
000039AE  0000              add [eax],al
000039B0  0000              add [eax],al
000039B2  0000              add [eax],al
000039B4  0000              add [eax],al
000039B6  0000              add [eax],al
000039B8  0000              add [eax],al
000039BA  0000              add [eax],al
000039BC  0000              add [eax],al
000039BE  0000              add [eax],al
000039C0  0000              add [eax],al
000039C2  0000              add [eax],al
000039C4  0000              add [eax],al
000039C6  0000              add [eax],al
000039C8  0000              add [eax],al
000039CA  0000              add [eax],al
000039CC  0000              add [eax],al
000039CE  0000              add [eax],al
000039D0  0000              add [eax],al
000039D2  0000              add [eax],al
000039D4  0000              add [eax],al
000039D6  0000              add [eax],al
000039D8  0000              add [eax],al
000039DA  0000              add [eax],al
000039DC  0000              add [eax],al
000039DE  0000              add [eax],al
000039E0  0000              add [eax],al
000039E2  0000              add [eax],al
000039E4  0000              add [eax],al
000039E6  0000              add [eax],al
000039E8  0000              add [eax],al
000039EA  0000              add [eax],al
000039EC  0000              add [eax],al
000039EE  0000              add [eax],al
000039F0  0000              add [eax],al
000039F2  0000              add [eax],al
000039F4  0000              add [eax],al
000039F6  0000              add [eax],al
000039F8  0000              add [eax],al
000039FA  0000              add [eax],al
000039FC  0000              add [eax],al
000039FE  0000              add [eax],al
00003A00  0000              add [eax],al
00003A02  0000              add [eax],al
00003A04  0000              add [eax],al
00003A06  0000              add [eax],al
00003A08  0000              add [eax],al
00003A0A  0000              add [eax],al
00003A0C  0000              add [eax],al
00003A0E  0000              add [eax],al
00003A10  0000              add [eax],al
00003A12  0000              add [eax],al
00003A14  0000              add [eax],al
00003A16  0000              add [eax],al
00003A18  0000              add [eax],al
00003A1A  0000              add [eax],al
00003A1C  0000              add [eax],al
00003A1E  0000              add [eax],al
00003A20  0000              add [eax],al
00003A22  0000              add [eax],al
00003A24  0000              add [eax],al
00003A26  0000              add [eax],al
00003A28  0000              add [eax],al
00003A2A  0000              add [eax],al
00003A2C  0000              add [eax],al
00003A2E  0000              add [eax],al
00003A30  0000              add [eax],al
00003A32  0000              add [eax],al
00003A34  0000              add [eax],al
00003A36  0000              add [eax],al
00003A38  0000              add [eax],al
00003A3A  0000              add [eax],al
00003A3C  0000              add [eax],al
00003A3E  0000              add [eax],al
00003A40  0000              add [eax],al
00003A42  0000              add [eax],al
00003A44  0000              add [eax],al
00003A46  0000              add [eax],al
00003A48  0000              add [eax],al
00003A4A  0000              add [eax],al
00003A4C  0000              add [eax],al
00003A4E  0000              add [eax],al
00003A50  0000              add [eax],al
00003A52  0000              add [eax],al
00003A54  0000              add [eax],al
00003A56  0000              add [eax],al
00003A58  0000              add [eax],al
00003A5A  0000              add [eax],al
00003A5C  0000              add [eax],al
00003A5E  0000              add [eax],al
00003A60  0000              add [eax],al
00003A62  0000              add [eax],al
00003A64  0000              add [eax],al
00003A66  0000              add [eax],al
00003A68  0000              add [eax],al
00003A6A  0000              add [eax],al
00003A6C  0000              add [eax],al
00003A6E  0000              add [eax],al
00003A70  0000              add [eax],al
00003A72  0000              add [eax],al
00003A74  0000              add [eax],al
00003A76  0000              add [eax],al
00003A78  0000              add [eax],al
00003A7A  0000              add [eax],al
00003A7C  0000              add [eax],al
00003A7E  0000              add [eax],al
00003A80  0000              add [eax],al
00003A82  0000              add [eax],al
00003A84  0000              add [eax],al
00003A86  0000              add [eax],al
00003A88  0000              add [eax],al
00003A8A  0000              add [eax],al
00003A8C  0000              add [eax],al
00003A8E  0000              add [eax],al
00003A90  0000              add [eax],al
00003A92  0000              add [eax],al
00003A94  0000              add [eax],al
00003A96  0000              add [eax],al
00003A98  0000              add [eax],al
00003A9A  0000              add [eax],al
00003A9C  0000              add [eax],al
00003A9E  0000              add [eax],al
00003AA0  0000              add [eax],al
00003AA2  0000              add [eax],al
00003AA4  0000              add [eax],al
00003AA6  0000              add [eax],al
00003AA8  0000              add [eax],al
00003AAA  0000              add [eax],al
00003AAC  0000              add [eax],al
00003AAE  0000              add [eax],al
00003AB0  0000              add [eax],al
00003AB2  0000              add [eax],al
00003AB4  0000              add [eax],al
00003AB6  0000              add [eax],al
00003AB8  0000              add [eax],al
00003ABA  0000              add [eax],al
00003ABC  0000              add [eax],al
00003ABE  0000              add [eax],al
00003AC0  0000              add [eax],al
00003AC2  0000              add [eax],al
00003AC4  0000              add [eax],al
00003AC6  0000              add [eax],al
00003AC8  0000              add [eax],al
00003ACA  0000              add [eax],al
00003ACC  0000              add [eax],al
00003ACE  0000              add [eax],al
00003AD0  0000              add [eax],al
00003AD2  0000              add [eax],al
00003AD4  0000              add [eax],al
00003AD6  0000              add [eax],al
00003AD8  0000              add [eax],al
00003ADA  0000              add [eax],al
00003ADC  0000              add [eax],al
00003ADE  0000              add [eax],al
00003AE0  0000              add [eax],al
00003AE2  0000              add [eax],al
00003AE4  0000              add [eax],al
00003AE6  0000              add [eax],al
00003AE8  0000              add [eax],al
00003AEA  0000              add [eax],al
00003AEC  0000              add [eax],al
00003AEE  0000              add [eax],al
00003AF0  0000              add [eax],al
00003AF2  0000              add [eax],al
00003AF4  0000              add [eax],al
00003AF6  0000              add [eax],al
00003AF8  0000              add [eax],al
00003AFA  0000              add [eax],al
00003AFC  0000              add [eax],al
00003AFE  0000              add [eax],al
00003B00  0000              add [eax],al
00003B02  0000              add [eax],al
00003B04  0000              add [eax],al
00003B06  0000              add [eax],al
00003B08  0000              add [eax],al
00003B0A  0000              add [eax],al
00003B0C  0000              add [eax],al
00003B0E  0000              add [eax],al
00003B10  0000              add [eax],al
00003B12  0000              add [eax],al
00003B14  0000              add [eax],al
00003B16  0000              add [eax],al
00003B18  0000              add [eax],al
00003B1A  0000              add [eax],al
00003B1C  0000              add [eax],al
00003B1E  0000              add [eax],al
00003B20  0000              add [eax],al
00003B22  0000              add [eax],al
00003B24  0000              add [eax],al
00003B26  0000              add [eax],al
00003B28  0000              add [eax],al
00003B2A  0000              add [eax],al
00003B2C  0000              add [eax],al
00003B2E  0000              add [eax],al
00003B30  0000              add [eax],al
00003B32  0000              add [eax],al
00003B34  0000              add [eax],al
00003B36  0000              add [eax],al
00003B38  0000              add [eax],al
00003B3A  0000              add [eax],al
00003B3C  0000              add [eax],al
00003B3E  0000              add [eax],al
00003B40  0000              add [eax],al
00003B42  0000              add [eax],al
00003B44  0000              add [eax],al
00003B46  0000              add [eax],al
00003B48  0000              add [eax],al
00003B4A  0000              add [eax],al
00003B4C  0000              add [eax],al
00003B4E  0000              add [eax],al
00003B50  0000              add [eax],al
00003B52  0000              add [eax],al
00003B54  0000              add [eax],al
00003B56  0000              add [eax],al
00003B58  0000              add [eax],al
00003B5A  0000              add [eax],al
00003B5C  0000              add [eax],al
00003B5E  0000              add [eax],al
00003B60  0000              add [eax],al
00003B62  0000              add [eax],al
00003B64  0000              add [eax],al
00003B66  0000              add [eax],al
00003B68  0000              add [eax],al
00003B6A  0000              add [eax],al
00003B6C  0000              add [eax],al
00003B6E  0000              add [eax],al
00003B70  0000              add [eax],al
00003B72  0000              add [eax],al
00003B74  0000              add [eax],al
00003B76  0000              add [eax],al
00003B78  0000              add [eax],al
00003B7A  0000              add [eax],al
00003B7C  0000              add [eax],al
00003B7E  0000              add [eax],al
00003B80  0000              add [eax],al
00003B82  0000              add [eax],al
00003B84  0000              add [eax],al
00003B86  0000              add [eax],al
00003B88  0000              add [eax],al
00003B8A  0000              add [eax],al
00003B8C  0000              add [eax],al
00003B8E  0000              add [eax],al
00003B90  0000              add [eax],al
00003B92  0000              add [eax],al
00003B94  0000              add [eax],al
00003B96  0000              add [eax],al
00003B98  0000              add [eax],al
00003B9A  0000              add [eax],al
00003B9C  0000              add [eax],al
00003B9E  0000              add [eax],al
00003BA0  0000              add [eax],al
00003BA2  0000              add [eax],al
00003BA4  0000              add [eax],al
00003BA6  0000              add [eax],al
00003BA8  0000              add [eax],al
00003BAA  0000              add [eax],al
00003BAC  0000              add [eax],al
00003BAE  0000              add [eax],al
00003BB0  0000              add [eax],al
00003BB2  0000              add [eax],al
00003BB4  0000              add [eax],al
00003BB6  0000              add [eax],al
00003BB8  0000              add [eax],al
00003BBA  0000              add [eax],al
00003BBC  0000              add [eax],al
00003BBE  0000              add [eax],al
00003BC0  0000              add [eax],al
00003BC2  0000              add [eax],al
00003BC4  0000              add [eax],al
00003BC6  0000              add [eax],al
00003BC8  0000              add [eax],al
00003BCA  0000              add [eax],al
00003BCC  0000              add [eax],al
00003BCE  0000              add [eax],al
00003BD0  0000              add [eax],al
00003BD2  0000              add [eax],al
00003BD4  0000              add [eax],al
00003BD6  0000              add [eax],al
00003BD8  0000              add [eax],al
00003BDA  0000              add [eax],al
00003BDC  0000              add [eax],al
00003BDE  0000              add [eax],al
00003BE0  0000              add [eax],al
00003BE2  0000              add [eax],al
00003BE4  0000              add [eax],al
00003BE6  0000              add [eax],al
00003BE8  0000              add [eax],al
00003BEA  0000              add [eax],al
00003BEC  0000              add [eax],al
00003BEE  0000              add [eax],al
00003BF0  0000              add [eax],al
00003BF2  0000              add [eax],al
00003BF4  0000              add [eax],al
00003BF6  0000              add [eax],al
00003BF8  0000              add [eax],al
00003BFA  0000              add [eax],al
00003BFC  0000              add [eax],al
00003BFE  0000              add [eax],al
00003C00  0000              add [eax],al
00003C02  0000              add [eax],al
00003C04  00800A004865      add [eax+0x6548000a],al
00003C0A  6C                insb
00003C0B  6C                insb
00003C0C  6F                outsd
00003C0D  20576F            and [edi+0x6f],dl
00003C10  726C              jc 0x3c7e
00003C12  640007            add [fs:edi],al
00003C15  0000              add [eax],al
00003C17  0000              add [eax],al
00003C19  0010              add [eax],dl
00003C1B  0000              add [eax],al
00003C1D  0110              add [eax],edx
00003C1F  00                db 0x00
